Occasion,Date,Time,Tag_prefix,Tag_ID,Tag_ID_cor,Site,Species,Section,Length,Weight,Recap,Mortality,Potential_error,Comments
1,10/31/2020,09:11:37.673,a,900.226001167955,a900.226001167955,NorthCampus_CMR,redbreast_sunfish,1,62,3.9,n,n,n,
1,10/31/2020,09:13:40.578,a,900.226001167959,a900.226001167959,NorthCampus_CMR,creek_chub,1,122,18.5,n,n,n,
1,10/31/2020,09:14:18.931,a,900.226001167929,a900.226001167929,NorthCampus_CMR,green_sunfish,1,89,10.7,n,n,n,
1,10/31/2020,09:14:56.398,a,900.226001167956,a900.226001167956,NorthCampus_CMR,creek_chub,2,118,15.8,n,n,n,
1,10/31/2020,09:18:16.875,a,900.226001167921,a900.226001167921,NorthCampus_CMR,redbreast_sunfish,2,124,28.7,n,n,n,
1,10/31/2020,09:18:55.043,a,900.226001167922,a900.226001167922,NorthCampus_CMR,creek_chub,2,105,11,n,n,n,
1,10/31/2020,09:19:29.188,a,900.226001167904,a900.226001167904,NorthCampus_CMR,creek_chub,2,107,12.5,n,n,n,
1,10/31/2020,09:20:00.568,a,900.226001167965,a900.226001167965,NorthCampus_CMR,green_sunfish,2,85,9.5,n,n,n,
1,10/31/2020,09:20:31.360,a,900.226001167945,a900.226001167945,NorthCampus_CMR,redbreast_sunfish,2,110,22.1,n,n,n,
1,10/31/2020,09:21:20.721,a,900.226001167968,a900.226001167968,NorthCampus_CMR,redbreast_sunfish,2,111,20,n,n,n,
1,10/31/2020,09:27:14.441,a,900.226001167958,a900.226001167958,NorthCampus_CMR,creek_chub,2,108,13.1,n,n,n,
1,10/31/2020,09:28:00.258,a,900.226001167986,a900.226001167986,NorthCampus_CMR,redbreast_sunfish,2,119,29,n,n,n,
1,10/31/2020,09:28:46.938,a,900.226001167973,a900.226001167973,NorthCampus_CMR,green_sunfish,2,123,30.8,n,n,n,
1,10/31/2020,09:29:34.099,a,900.226001167957,a900.226001167957,NorthCampus_CMR,creek_chub,2,124,20.9,n,n,n,
1,10/31/2020,09:29:59.039,a,900.226001167983,a900.226001167983,NorthCampus_CMR,green_sunfish,2,104,17.3,n,n,n,
1,10/31/2020,09:30:36.309,a,900.226001167966,a900.226001167966,NorthCampus_CMR,green_sunfish,2,90,12.1,n,n,n,
1,10/31/2020,09:32:41.531,a,900.226001167987,a900.226001167987,NorthCampus_CMR,creek_chub,2,94,8.3,n,n,n,
1,10/31/2020,09:33:11.233,a,900.226001167943,a900.226001167943,NorthCampus_CMR,redbreast_sunfish,2,122,30.9,n,n,n,
1,10/31/2020,09:34:12.312,a,900.226001167918,a900.226001167918,NorthCampus_CMR,creek_chub,2,101,10.1,n,n,n,
1,10/31/2020,09:34:39.593,a,900.226001167909,a900.226001167909,NorthCampus_CMR,bluehead_chub,2,80,4.8,n,n,n,
1,10/31/2020,09:35:24.714,a,900.226001167974,a900.226001167974,NorthCampus_CMR,redbreast_sunfish,2,102,16.1,n,n,n,
1,10/31/2020,09:35:45.107,a,900.226001167969,a900.226001167969,NorthCampus_CMR,green_sunfish,2,83,9.3,n,n,n,
1,10/31/2020,09:36:26.007,a,900.226001167988,a900.226001167988,NorthCampus_CMR,bluegill,2,76,6,n,n,n,
1,10/31/2020,09:37:15.719,a,900.226001167934,a900.226001167934,NorthCampus_CMR,redbreast_sunfish,2,63,4.3,n,n,n,
1,10/31/2020,09:39:25.656,a,900.226001167914,a900.226001167914,NorthCampus_CMR,bluehead_chub,3,71,3.5,n,n,n,
1,10/31/2020,10:27:23.316,a,900.226001167913,a900.226001167913,NorthCampus_CMR,creek_chub,4,154,40.8,n,n,n,
1,10/31/2020,10:30:38.637,a,900.226001167979,a900.226001167979,NorthCampus_CMR,striped_jumprock,4,166,39,n,n,n,
1,10/31/2020,10:31:22.990,a,900.226001167948,a900.226001167948,NorthCampus_CMR,redbreast_sunfish,4,86,9.4,n,n,n,
1,10/31/2020,10:31:46.304,a,900.226001167907,a900.226001167907,NorthCampus_CMR,redbreast_sunfish,4,93,11.2,n,n,n,
1,10/31/2020,10:32:23.452,a,900.226001167989,a900.226001167989,NorthCampus_CMR,redbreast_sunfish,4,77,7.4,n,n,n,
1,10/31/2020,10:32:47.601,a,900.226001167981,a900.226001167981,NorthCampus_CMR,bluegill,4,75,5.2,n,n,n,
1,10/31/2020,10:33:27.800,a,900.226001167906,a900.226001167906,NorthCampus_CMR,creek_chub,5,103,10.5,n,n,n,
1,10/31/2020,10:35:54.233,a,900.226001167978,a900.226001167978,NorthCampus_CMR,bluehead_chub,5,118,21.2,n,n,n,
1,10/31/2020,10:36:40.461,a,900.226001167916,a900.226001167916,NorthCampus_CMR,green_sunfish,5,105,19.4,n,n,n,
1,10/31/2020,10:37:19.160,a,900.226001167915,a900.226001167915,NorthCampus_CMR,redbreast_sunfish,5,88,11.1,n,n,n,
1,10/31/2020,10:37:41.337,a,900.226001167919,a900.226001167919,NorthCampus_CMR,creek_chub,5,95,8.3,n,n,n,
1,10/31/2020,10:38:06.853,a,900.226001167951,a900.226001167951,NorthCampus_CMR,redbreast_sunfish,5,130,32.7,n,n,n,
1,10/31/2020,10:38:47.857,a,900.226001167902,a900.226001167902,NorthCampus_CMR,green_sunfish,5,113,20.8,n,n,n,
1,10/31/2020,10:39:41.529,a,900.226001167954,a900.226001167954,NorthCampus_CMR,redbreast_sunfish,5,122,30.8,n,n,n,
1,10/31/2020,10:40:43.241,a,900.226001167984,a900.226001167984,NorthCampus_CMR,green_sunfish,5,78,7.1,n,n,n,
1,10/31/2020,10:41:17.490,a,900.226001167992,a900.226001167992,NorthCampus_CMR,bluegill,5,74,4.9,n,n,n,
1,10/31/2020,10:41:37.052,a,900.226001167941,a900.226001167941,NorthCampus_CMR,redbreast_sunfish,5,62,3.6,n,n,n,
1,10/31/2020,10:42:08.521,a,900.226001167920,a900.226001167920,NorthCampus_CMR,bluehead_chub,5,92,8.6,n,n,n,
1,10/31/2020,10:43:15.959,a,900.226001167933,a900.226001167933,NorthCampus_CMR,creek_chub,5,111,13.4,n,n,n,
1,10/31/2020,10:43:42.543,a,900.226001167953,a900.226001167953,NorthCampus_CMR,striped_jumprock,6,156,37,n,n,n,
1,10/31/2020,10:46:57.719,a,900.226001167940,a900.226001167940,NorthCampus_CMR,creek_chub,6,180,62.3,n,n,n,
1,10/31/2020,10:49:09.672,a,900.226001167925,a900.226001167925,NorthCampus_CMR,creek_chub,6,127,23.1,n,n,n,
1,10/31/2020,10:50:37.869,a,900.226001167900,a900.226001167900,NorthCampus_CMR,bluehead_chub,6,119,19.1,n,n,n,
1,10/31/2020,10:51:50.297,a,900.226001167944,a900.226001167944,NorthCampus_CMR,creek_chub,6,99,8.8,n,n,n,
1,10/31/2020,10:53:08.779,a,900.226001167980,a900.226001167980,NorthCampus_CMR,redbreast_sunfish,6,128,33.6,n,n,n,
1,10/31/2020,10:54:17.581,a,900.226001167912,a900.226001167912,NorthCampus_CMR,redbreast_sunfish,6,117,26.8,n,n,n,
1,10/31/2020,10:55:41.909,a,900.226001167962,a900.226001167962,NorthCampus_CMR,redbreast_sunfish,6,69,5.3,n,n,n,
1,10/31/2020,NA,a,NA,NA,NorthCampus_CMR,NA,7,NA,NA,NA,NA,n,NO_FISH
1,10/31/2020,11:25:08.609,a,900.226001167917,a900.226001167917,NorthCampus_CMR,creek_chub,8,104,12.1,n,n,n,
1,10/31/2020,11:27:21.856,a,900.226001167937,a900.226001167937,NorthCampus_CMR,creek_chub,8,104,12.2,n,n,n,
1,10/31/2020,11:30:24.044,a,900.226001167939,a900.226001167939,NorthCampus_CMR,creek_chub,8,110,14.7,n,n,n,
1,10/31/2020,11:31:35.240,a,900.226001167935,a900.226001167935,NorthCampus_CMR,bluehead_chub,8,75,4.6,n,n,n,
1,10/31/2020,11:33:15.683,a,900.226001167994,a900.226001167994,NorthCampus_CMR,creek_chub,9,95,8.8,n,n,n,
1,10/31/2020,11:35:33.113,a,900.226001167975,a900.226001167975,NorthCampus_CMR,creek_chub,9,126,23.1,n,n,n,
1,10/31/2020,11:37:03.422,a,900.226001167908,a900.226001167908,NorthCampus_CMR,green_sunfish,9,85,11.2,n,n,n,
1,10/31/2020,11:38:26.120,a,900.226001167942,a900.226001167942,NorthCampus_CMR,bluehead_chub,9,74,4.2,n,n,n,
1,10/31/2020,11:40:13.739,a,900.226001167967,a900.226001167967,NorthCampus_CMR,bluegill,9,65,3.4,n,y,n,
1,10/31/2020,11:41:43.697,a,900.226001167970,a900.226001167970,NorthCampus_CMR,bluehead_chub,9,70,3.6,n,n,n,
1,11/04/2020,09:05:18.865,a,900.226001167977,a900.226001167977,NorthCampus_CMR,redbreast_sunfish,10,145,42.5,n,n,n,
1,11/04/2020,09:07:10.682,a,900.226001167928,a900.226001167928,NorthCampus_CMR,redbreast_sunfish,10,87,9.9,n,n,n,
1,11/04/2020,09:08:41.435,a,900.226001167971,a900.226001167971,NorthCampus_CMR,redbreast_sunfish,10,124,28.9,n,n,n,
1,11/04/2020,09:10:01.192,a,900.226001167972,a900.226001167972,NorthCampus_CMR,redbreast_sunfish,10,86,9.9,n,n,n,
1,11/04/2020,09:11:45.469,a,900.226001167936,a900.226001167936,NorthCampus_CMR,green_sunfish,10,83,9.4,n,n,n,
1,11/04/2020,09:14:18.327,a,900.226001167997,a900.226001167997,NorthCampus_CMR,redbreast_sunfish,10,122,28.9,n,n,n,
1,11/04/2020,09:15:39.797,a,900.226001167993,a900.226001167993,NorthCampus_CMR,green_sunfish,10,132,31.3,n,n,n,
1,11/04/2020,09:17:50.190,a,900.226001167960,a900.226001167960,NorthCampus_CMR,green_sunfish,10,109,21.4,n,n,n,
1,11/04/2020,09:19:01.640,a,900.226001167946,a900.226001167946,NorthCampus_CMR,redbreast_sunfish,10,97,14.8,n,n,n,
1,11/04/2020,09:21:30.447,a,900.226001167990,a900.226001167990,NorthCampus_CMR,redbreast_sunfish,10,136,41.2,n,n,n,
1,11/04/2020,09:23:15.462,a,900.226001167949,a900.226001167949,NorthCampus_CMR,redbreast_sunfish,10,103,15.6,n,n,n,
1,11/04/2020,09:26:06.030,a,900.226001167985,a900.226001167985,NorthCampus_CMR,green_sunfish,10,113,21.5,n,n,n,
1,11/04/2020,09:28:48.867,a,900.226001167927,a900.226001167927,NorthCampus_CMR,bluehead_chub,10,90,9.6,n,n,n,
1,11/04/2020,09:31:09.965,a,900.226001167905,a900.226001167905,NorthCampus_CMR,bluehead_chub,10,108,13.2,n,n,n,
1,11/04/2020,09:33:15.246,a,900.226001167999,a900.226001167999,NorthCampus_CMR,redbreast_sunfish,10,68,4.7,n,n,n,
1,11/04/2020,09:35:43.481,a,900.226001167979,a900.226001167979,NorthCampus_CMR,striped_jumprock,11,166,38.4,y,n,n,
1,11/04/2020,09:36:45.544,a,900.226001167907,a900.226001167907,NorthCampus_CMR,redbreast_sunfish,11,89,11.1,y,n,n,
1,11/04/2020,09:37:34.847,a,900.226001167944,a900.226001167944,NorthCampus_CMR,creek_chub,11,95,9,y,n,n,
1,11/04/2020,09:38:16.928,a,900.226001167970,a900.226001167970,NorthCampus_CMR,bluehead_chub,11,68,3.8,y,n,n,
1,11/04/2020,09:40:13.965,a,900.226001167910,a900.226001167910,NorthCampus_CMR,creek_chub,11,140,30.7,n,n,n,
1,11/04/2020,09:41:02.620,a,900.226001167903,a900.226001167903,NorthCampus_CMR,creek_chub,11,105,13.1,n,n,n,
1,11/04/2020,09:41:34.305,a,900.226001167991,a900.226001167991,NorthCampus_CMR,bluehead_chub,11,117,17.9,n,n,n,
1,11/04/2020,09:41:58.033,a,900.226001167911,a900.226001167911,NorthCampus_CMR,green_sunfish,11,96,13.5,n,n,n,
1,11/04/2020,09:42:30.212,a,900.226001167950,a900.226001167950,NorthCampus_CMR,bluehead_chub,11,106,15.7,n,n,n,
1,11/04/2020,09:43:13.548,a,900.226001167924,a900.226001167924,NorthCampus_CMR,bluegill,11,96,11.9,n,n,n,
1,11/04/2020,09:43:46.115,a,900.226001167961,a900.226001167961,NorthCampus_CMR,green_sunfish,11,97,15.4,n,n,n,
1,11/04/2020,09:45:20.072,a,900.226001167923,a900.226001167923,NorthCampus_CMR,redbreast_sunfish,11,78,7.8,n,n,n,
1,11/04/2020,09:46:00.526,a,900.226001167963,a900.226001167963,NorthCampus_CMR,redbreast_sunfish,11,83,10.4,n,n,n,
1,11/04/2020,09:46:34.864,a,900.226001167998,a900.226001167998,NorthCampus_CMR,bluehead_chub,11,105,16,n,n,n,
1,11/04/2020,09:47:12.396,a,900.226001167901,a900.226001167901,NorthCampus_CMR,green_sunfish,11,74,6.2,n,n,n,
1,11/04/2020,09:47:57.894,a,900.226001167932,a900.226001167932,NorthCampus_CMR,bluehead_chub,11,84,6.1,n,n,n,
1,11/04/2020,09:48:56.720,a,900.226001167982,a900.226001167982,NorthCampus_CMR,creek_chub,11,120,19.4,n,n,n,
1,11/04/2020,09:49:29.229,a,900.226001167995,a900.226001167995,NorthCampus_CMR,green_sunfish,11,103,18.7,n,n,n,
1,11/04/2020,09:50:51.213,a,900.226001167996,a900.226001167996,NorthCampus_CMR,redbreast_sunfish,11,75,7.3,n,n,n,
1,11/04/2020,09:51:36.178,a,900.226001167952,a900.226001167952,NorthCampus_CMR,green_sunfish,11,77,7.7,n,n,n,
1,11/04/2020,09:52:59.445,a,900.226001167976,a900.226001167976,NorthCampus_CMR,redbreast_sunfish,11,85,10.1,n,n,n,
1,11/04/2020,09:53:36.251,a,900.226001167947,a900.226001167947,NorthCampus_CMR,bluehead_chub,11,119,22.3,n,n,n,male
1,11/04/2020,09:54:34.579,a,900.226001167938,a900.226001167938,NorthCampus_CMR,bluehead_chub,11,79,6.5,n,n,n,
1,11/04/2020,09:55:33.476,a,900.226001167930,a900.226001167930,NorthCampus_CMR,bluehead_chub,12,81,6,n,n,n,
1,11/04/2020,09:59:07.003,a,900.226001167926,a900.226001167926,NorthCampus_CMR,redbreast_sunfish,12,137,45.5,n,n,n,
1,11/04/2020,10:00:15.656,a,900.226001167805,a900.226001167805,NorthCampus_CMR,bluehead_chub,12,131,24.5,n,n,n,male
1,11/04/2020,10:01:33.067,a,900.226001167813,a900.226001167813,NorthCampus_CMR,bluehead_chub,12,127,22.9,n,n,n,male
1,11/04/2020,10:02:34.485,a,900.226001167848,a900.226001167848,NorthCampus_CMR,striped_jumprock,12,150,36.9,n,n,n,
1,11/04/2020,10:03:08.153,a,900.226001167800,a900.226001167800,NorthCampus_CMR,creek_chub,12,93,9.6,n,n,n,
1,11/04/2020,10:03:45.787,a,900.226001167863,a900.226001167863,NorthCampus_CMR,green_sunfish,12,76,7.1,n,n,n,
1,11/04/2020,10:04:30.743,a,900.226001167845,a900.226001167845,NorthCampus_CMR,redbreast_sunfish,12,94,13.1,n,n,n,
1,11/04/2020,10:05:14.815,a,900.226001167866,a900.226001167866,NorthCampus_CMR,redbreast_sunfish,12,88,11,n,n,n,
1,11/04/2020,10:05:55.796,a,900.226001167808,a900.226001167808,NorthCampus_CMR,green_sunfish,12,87,10.4,n,n,n,
1,11/04/2020,10:07:33.927,a,900.226001167844,a900.226001167844,NorthCampus_CMR,bluegill,12,73,6.1,n,n,n,
1,11/04/2020,10:08:12.880,a,900.226001167872,a900.226001167872,NorthCampus_CMR,green_sunfish,12,72,6.3,n,n,n,
1,11/04/2020,10:08:58.040,a,900.226001167830,a900.226001167830,NorthCampus_CMR,redbreast_sunfish,12,67,5.1,n,n,n,
1,11/04/2020,10:11:05.075,a,900.226001167806,a900.226001167806,NorthCampus_CMR,striped_jumprock,13,198,84.8,n,n,n,
1,11/04/2020,10:13:22.020,a,900.226001167886,a900.226001167886,NorthCampus_CMR,creek_chub,13,104,12.6,n,n,n,
1,11/04/2020,10:14:34.418,a,900.226001167870,a900.226001167870,NorthCampus_CMR,striped_jumprock,13,189,67.2,n,n,n,
1,11/04/2020,10:15:18.293,a,900.226001167860,a900.226001167860,NorthCampus_CMR,creek_chub,13,112,16.2,n,n,n,
1,11/04/2020,10:18:32.944,a,900.226001167964,a900.226001167964,NorthCampus_CMR,creek_chub,13,96,9.7,n,n,n,
1,11/04/2020,10:19:10.577,a,900.226001167931,a900.226001167931,NorthCampus_CMR,creek_chub,13,115,17.7,n,n,n,
1,11/04/2020,10:19:45.700,a,900.226001167878,a900.226001167878,NorthCampus_CMR,redbreast_sunfish,13,135,36.9,n,n,n,
1,11/04/2020,10:20:20.530,a,900.226001167828,a900.226001167828,NorthCampus_CMR,green_sunfish,13,79,7.8,n,n,n,
1,11/04/2020,10:21:10.030,a,900.226001167898,a900.226001167898,NorthCampus_CMR,redbreast_sunfish,13,107,19.3,n,n,n,
1,11/04/2020,10:21:49.382,a,900.226001167832,a900.226001167832,NorthCampus_CMR,redbreast_sunfish,13,106,18.2,n,n,n,
1,11/04/2020,10:22:38.808,a,900.226001167889,a900.226001167889,NorthCampus_CMR,bluegill,13,87,9.6,n,n,n,
1,11/04/2020,10:23:15.902,a,900.226001167849,a900.226001167849,NorthCampus_CMR,green_sunfish,13,103,17.9,n,n,n,
1,11/04/2020,10:23:58.800,a,900.226001167884,a900.226001167884,NorthCampus_CMR,bluehead_chub,14,89,8.4,n,n,n,
1,11/04/2020,10:25:34.552,a,900.226001167809,a900.226001167809,NorthCampus_CMR,redbreast_sunfish,14,96,14.5,n,n,n,
1,11/04/2020,10:26:20.980,a,900.226001167859,a900.226001167859,NorthCampus_CMR,redbreast_sunfish,14,127,34.1,n,n,n,
1,11/04/2020,11:26:47.790,a,900.226001167819,a900.226001167819,NorthCampus_CMR,redbreast_sunfish,15,140,38.9,n,n,n,
1,11/04/2020,11:30:28.316,a,900.226001167835,a900.226001167835,NorthCampus_CMR,creek_chub,15,91,7.2,n,n,n,
1,11/04/2020,11:31:32.772,a,900.226001167825,a900.226001167825,NorthCampus_CMR,bluehead_chub,15,81,5.1,n,n,n,
1,11/04/2020,11:33:01.819,a,900.226001167897,a900.226001167897,NorthCampus_CMR,bluehead_chub,15,83,6.8,n,n,n,
1,11/04/2020,11:34:59.290,a,900.226001167829,a900.226001167829,NorthCampus_CMR,bluehead_chub,16,86,7.3,n,n,n,
1,11/04/2020,11:36:39.684,a,900.226001167801,a900.226001167801,NorthCampus_CMR,bluehead_chub,16,101,11.9,n,n,n,
1,11/04/2020,11:38:25.109,a,900.226001167861,a900.226001167861,NorthCampus_CMR,green_sunfish,17,95,12.7,n,n,n,
1,11/04/2020,11:40:15.171,a,900.226001167899,a900.226001167899,NorthCampus_CMR,redbreast_sunfish,17,126,30.1,n,n,n,
1,11/04/2020,11:42:12.992,a,900.226001167871,a900.226001167871,NorthCampus_CMR,green_sunfish,17,91,12,n,n,n,
1,11/04/2020,11:43:31.150,a,900.226001167865,a900.226001167865,NorthCampus_CMR,bluehead_chub,17,64,2.5,n,n,n,
1,11/04/2020,NA,a,NA,NA,NorthCampus_CMR,NA,18,NA,NA,NA,NA,n,NO_FISH
1,11/04/2020,11:45:28.925,a,900.226001167890,a900.226001167890,NorthCampus_CMR,creek_chub,19,112,14.5,n,n,n,
1,11/04/2020,11:47:22.833,a,900.226001167892,a900.226001167892,NorthCampus_CMR,creek_chub,19,90,7.6,n,n,n,
1,11/04/2020,11:48:26.696,a,900.226001167869,a900.226001167869,NorthCampus_CMR,creek_chub,19,105,11.5,n,n,n,
1,11/04/2020,11:49:31.058,a,900.226001167842,a900.226001167842,NorthCampus_CMR,creek_chub,19,117,16.9,n,n,n,
1,11/04/2020,11:51:02.357,a,900.226001167877,a900.226001167877,NorthCampus_CMR,creek_chub,20,102,11.7,n,n,n,
1,11/04/2020,11:52:56.629,a,900.226001167891,a900.226001167891,NorthCampus_CMR,bluehead_chub,20,100,10.7,n,n,n,
1,11/04/2020,11:54:48.377,a,900.226001167817,a900.226001167817,NorthCampus_CMR,creek_chub,20,96,10.2,n,n,n,
1,11/04/2020,11:56:07.781,a,900.226001167867,a900.226001167867,NorthCampus_CMR,creek_chub,20,112,13.5,n,n,n,
1,11/04/2020,11:57:26.381,a,900.226001167854,a900.226001167854,NorthCampus_CMR,creek_chub,20,107,13.5,n,n,n,
1,11/04/2020,11:58:33.101,a,900.226001167843,a900.226001167843,NorthCampus_CMR,creek_chub,20,96,10,n,n,n,
1,11/04/2020,11:59:40.441,a,900.226001167879,a900.226001167879,NorthCampus_CMR,creek_chub,20,97,8.9,n,n,n,
1,11/04/2020,12:00:15.298,a,900.226001167807,a900.226001167807,NorthCampus_CMR,creek_chub,20,99,11.2,n,n,n,
1,11/04/2020,12:01:30.442,a,900.226001167822,a900.226001167822,NorthCampus_CMR,creek_chub,20,117,16.7,n,n,n,
1,11/04/2020,12:02:29.728,a,900.226001167803,a900.226001167803,NorthCampus_CMR,creek_chub,20,117,16,n,n,n,
1,11/04/2020,12:03:56.368,a,900.226001167811,a900.226001167811,NorthCampus_CMR,creek_chub,20,92,8.6,n,n,n,
1,11/04/2020,12:07:40.955,a,900.226001167802,a900.226001167802,NorthCampus_CMR,creek_chub,20,104,11.8,n,n,n,
1,11/04/2020,12:08:53.089,a,900.226001167864,a900.226001167864,NorthCampus_CMR,creek_chub,20,131,26.9,n,n,n,
1,11/04/2020,12:09:59.093,a,900.226001167846,a900.226001167846,NorthCampus_CMR,creek_chub,20,96,8.7,n,n,n,
1,11/04/2020,12:10:34.467,a,900.226001167858,a900.226001167858,NorthCampus_CMR,green_sunfish,20,103,14.4,n,n,n,
1,11/04/2020,12:11:41.633,a,900.226001167857,a900.226001167857,NorthCampus_CMR,redbreast_sunfish,20,90,12.5,n,n,n,
1,11/04/2020,12:12:33.577,a,900.226001167804,a900.226001167804,NorthCampus_CMR,creek_chub,20,98,9.8,n,n,n,
1,11/07/2020,NA,a,NA,NA,NorthCampus_CMR,NA,21,NA,NA,NA,NA,n,NO_FISH
1,11/07/2020,09:13:25.098,a,900.226001167711,a900.226001167711,NorthCampus_CMR,creek_chub,22,88,6.5,n,n,n,
1,11/07/2020,09:17:53.096,a,900.226001167787,a900.226001167787,NorthCampus_CMR,green_sunfish,22,89,10.4,n,n,n,
1,11/07/2020,09:18:34.344,a,900.226001167756,a900.226001167756,NorthCampus_CMR,creek_chub,22,88,7.3,n,n,n,
1,11/07/2020,09:19:16.848,a,900.226001167752,a900.226001167752,NorthCampus_CMR,green_sunfish,22,120,29.1,n,n,n,5/18/21 AT length error corrected
1,11/07/2020,09:20:09.431,a,900.226001167786,a900.226001167786,NorthCampus_CMR,green_sunfish,22,91,11.8,n,n,n,
1,11/07/2020,09:20:49.050,a,900.226001167725,a900.226001167725,NorthCampus_CMR,bluegill,22,78,6.9,n,n,n,
1,11/07/2020,09:21:46.701,a,900.226001167767,a900.226001167767,NorthCampus_CMR,redbreast_sunfish,22,97,12.7,n,n,n,
1,11/07/2020,09:22:34.153,a,900.226001167793,a900.226001167793,NorthCampus_CMR,bluehead_chub,22,101,11,n,n,n,
1,11/07/2020,09:23:12.023,a,900.226001167794,a900.226001167794,NorthCampus_CMR,green_sunfish,22,70,5.4,n,n,n,
1,11/07/2020,09:23:52.904,a,900.226001167718,a900.226001167718,NorthCampus_CMR,bluehead_chub,22,96,8.7,n,n,n,
1,11/07/2020,09:24:42.996,a,900.226001167739,a900.226001167739,NorthCampus_CMR,creek_chub,23,98,9.5,n,n,n,
1,11/07/2020,09:28:10.951,a,900.226001167780,a900.226001167780,NorthCampus_CMR,green_sunfish,23,144,46.6,n,n,n,
1,11/07/2020,09:31:37.114,a,900.226001167890,a900.226001167890,NorthCampus_CMR,creek_chub,24,112,14.6,y,n,n,
1,11/07/2020,09:32:55.914,a,900.226001167714,a900.226001167714,NorthCampus_CMR,creek_chub,24,149,35.1,n,n,n,
1,11/07/2020,09:34:07.915,a,900.226001167753,a900.226001167753,NorthCampus_CMR,creek_chub,24,88,6,n,n,n,
1,11/07/2020,09:34:50.853,a,900.226001167727,a900.226001167727,NorthCampus_CMR,creek_chub,24,92,8.1,n,n,n,
1,11/07/2020,09:35:19.574,a,900.226001167781,a900.226001167781,NorthCampus_CMR,creek_chub,24,91,7.3,n,n,n,
1,11/07/2020,09:36:04.795,a,900.226001167726,a900.226001167726,NorthCampus_CMR,creek_chub,24,92,7.8,n,n,n,
1,11/07/2020,09:36:37.671,a,900.226001167732,a900.226001167732,NorthCampus_CMR,creek_chub,24,103,11.8,n,n,n,
1,11/07/2020,09:38:11.593,a,900.226001167743,a900.226001167743,NorthCampus_CMR,bluehead_chub,24,95,8.9,n,n,n,
1,11/07/2020,09:38:40.797,a,900.226001167795,a900.226001167795,NorthCampus_CMR,creek_chub,24,91,7.7,n,n,n,
1,11/07/2020,09:39:35.547,a,900.226001167721,a900.226001167721,NorthCampus_CMR,creek_chub,24,89,6.5,n,n,n,
1,11/07/2020,09:43:05.228,a,900.226001167858,a900.226001167858,NorthCampus_CMR,green_sunfish,25,103,13.2,y,n,n,
1,11/07/2020,09:44:13.295,a,900.226001167722,a900.226001167722,NorthCampus_CMR,creek_chub,25,94,8.2,n,n,n,
1,11/07/2020,09:45:18.863,a,900.226001167704,a900.226001167704,NorthCampus_CMR,creek_chub,25,114,14.7,n,n,n,
1,11/07/2020,09:46:44.982,a,900.226001167868,a900.226001167868,NorthCampus_CMR,creek_chub,26,85,6.4,n,n,n,
1,11/07/2020,09:49:14.872,a,900.226001167887,a900.226001167887,NorthCampus_CMR,creek_chub,26,95,8.5,n,n,n,
1,11/07/2020,09:49:56.776,a,900.226001167873,a900.226001167873,NorthCampus_CMR,creek_chub,26,95,8.5,n,n,n,
1,11/07/2020,09:51:21.466,a,900.226001167810,a900.226001167810,NorthCampus_CMR,creek_chub,26,96,8.3,n,n,n,
1,11/07/2020,09:52:29.986,a,900.226001167895,a900.226001167895,NorthCampus_CMR,creek_chub,26,72,3.3,n,n,n,
1,11/07/2020,09:53:18.298,a,900.226001167853,a900.226001167853,NorthCampus_CMR,bluehead_chub,26,76,4.2,n,n,n,
1,11/07/2020,09:53:50.984,a,900.226001167896,a900.226001167896,NorthCampus_CMR,bluehead_chub,26,65,2.8,n,n,n,
1,11/07/2020,09:54:26.118,a,900.226001167881,a900.226001167881,NorthCampus_CMR,bluehead_chub,26,67,3,n,n,n,
1,11/07/2020,11:10:42.686,a,900.226001167823,a900.226001167823,NorthCampus_CMR,bluehead_chub,27,92,8.9,n,n,n,
1,11/07/2020,11:14:49.781,a,900.226001167888,a900.226001167888,NorthCampus_CMR,creek_chub,28,90,8.1,n,n,n,
1,11/07/2020,11:19:28.681,a,900.226001167882,a900.226001167882,NorthCampus_CMR,creek_chub,29,84,6.1,n,n,n,
1,11/07/2020,11:23:11.070,a,900.226001167856,a900.226001167856,NorthCampus_CMR,green_sunfish,29,61,3.3,n,n,n,
1,11/07/2020,11:24:34.844,a,900.226001167850,a900.226001167850,NorthCampus_CMR,creek_chub,29,98,9.8,n,n,n,
1,11/07/2020,11:25:45.035,a,900.226001167893,a900.226001167893,NorthCampus_CMR,creek_chub,29,106,13.4,n,n,n,
1,11/07/2020,11:26:39.588,a,900.226001167818,a900.226001167818,NorthCampus_CMR,bluehead_chub,29,99,11.6,n,n,n,
1,11/07/2020,11:27:53.336,a,900.226001167821,a900.226001167821,NorthCampus_CMR,creek_chub,29,81,5.2,n,n,n,
1,11/07/2020,11:28:56.402,a,900.226001167834,a900.226001167834,NorthCampus_CMR,bluehead_chub,30,74,4,n,n,n,
1,11/07/2020,11:32:44.993,a,900.226001167875,a900.226001167875,NorthCampus_CMR,bluehead_chub,30,78,5.1,n,n,n,
1,11/07/2020,11:48:17.146,a,900.226001167827,a900.226001167827,NorthCampus_CMR,green_sunfish,30,98,15.4,n,n,n,
1,11/07/2020,11:37:18.283,a,900.226001167822,a900.226001167822,NorthCampus_CMR,creek_chub,31,116,15.9,y,n,n,
1,11/07/2020,11:39:09.484,a,900.226001167816,a900.226001167816,NorthCampus_CMR,creek_chub,31,146,35.3,n,n,n,
1,11/07/2020,11:40:37.655,a,900.226001167885,a900.226001167885,NorthCampus_CMR,creek_chub,31,108,12.3,n,n,n,
1,11/07/2020,11:41:44.670,a,900.226001167894,a900.226001167894,NorthCampus_CMR,creek_chub,31,97,9.3,n,n,n,
1,11/07/2020,11:42:40.250,a,900.226001167838,a900.226001167838,NorthCampus_CMR,green_sunfish,31,80,7.7,n,n,n,
1,11/07/2020,11:50:36.024,a,900.226001167862,a900.226001167862,NorthCampus_CMR,redbreast_sunfish,32,120,27.2,n,n,n,
1,11/07/2020,11:52:23.517,a,900.226001167839,a900.226001167839,NorthCampus_CMR,creek_chub,32,90,6.8,n,n,n,
1,11/07/2020,11:53:25.384,a,900.226001167815,a900.226001167815,NorthCampus_CMR,creek_chub,32,87,6.1,n,n,n,
1,11/07/2020,11:54:34.878,a,900.226001167824,a900.226001167824,NorthCampus_CMR,creek_chub,32,93,8.5,n,n,n,
1,11/07/2020,11:55:29.867,a,900.226001167855,a900.226001167855,NorthCampus_CMR,bluehead_chub,32,91,8.1,n,n,n,
1,11/07/2020,11:56:59.152,a,900.226001167837,a900.226001167837,NorthCampus_CMR,green_sunfish,32,82,9.4,n,n,n,
1,11/07/2020,12:02:41.713,a,900.226001167812,a900.226001167812,NorthCampus_CMR,green_sunfish,32,100,16.5,n,n,n,
1,11/07/2020,12:04:10.813,a,900.226001167852,a900.226001167852,NorthCampus_CMR,redbreast_sunfish,32,125,30.9,n,n,n,
1,11/07/2020,12:05:30.052,a,900.226001167840,a900.226001167840,NorthCampus_CMR,green_sunfish,32,75,6.1,n,n,n,
1,11/07/2020,12:07:10.401,a,900.226001167874,a900.226001167874,NorthCampus_CMR,bluehead_chub,32,65,2.8,n,n,n,
1,11/08/2020,NA,a,NA,NA,NorthCampus_CMR,NA,33,NA,NA,NA,NA,n,NO_FISH
1,11/08/2020,09:06:22.673,a,900.226001167826,a900.226001167826,NorthCampus_CMR,bluegill,34,77,6.3,n,n,n,
1,11/08/2020,09:08:46.399,a,900.226001167774,a900.226001167774,NorthCampus_CMR,bluegill,34,64,3,n,n,n,
1,11/08/2020,09:10:54.499,a,900.226001167713,a900.226001167713,NorthCampus_CMR,bluegill,34,78,5.8,n,n,n,
1,11/08/2020,09:15:24.787,a,900.226001167816,a900.226001167816,NorthCampus_CMR,creek_chub,35,148,35.9,y,n,n,
1,11/08/2020,09:17:37.263,a,900.226001167733,a900.226001167733,NorthCampus_CMR,creek_chub,35,160,50.8,n,n,n,
1,11/08/2020,09:18:34.582,a,900.226001167730,a900.226001167730,NorthCampus_CMR,green_sunfish,35,145,54.3,n,n,n,
1,11/08/2020,09:19:04.901,a,900.226001167876,a900.226001167876,NorthCampus_CMR,bluegill,35,118,24.7,n,n,n,
1,11/08/2020,09:19:35.687,a,900.226001167708,a900.226001167708,NorthCampus_CMR,green_sunfish,35,98,15.6,n,n,n,
1,11/08/2020,09:20:17.853,a,900.226001167740,a900.226001167740,NorthCampus_CMR,bluegill,35,99,14.5,n,n,n,
1,11/08/2020,09:20:51.254,a,900.226001167729,a900.226001167729,NorthCampus_CMR,redbreast_sunfish,35,106,18.4,n,n,n,
1,11/08/2020,09:21:32.388,a,900.226001167734,a900.226001167734,NorthCampus_CMR,green_sunfish,35,77,8.2,n,n,n,
1,11/08/2020,09:22:04.165,a,900.226001167707,a900.226001167707,NorthCampus_CMR,redbreast_sunfish,35,85,10.2,n,n,n,
1,11/08/2020,09:22:39.136,a,900.226001167836,a900.226001167836,NorthCampus_CMR,bluegill,35,83,8.4,n,n,n,
1,11/08/2020,09:23:12.247,a,900.226001167841,a900.226001167841,NorthCampus_CMR,bluehead_chub,35,112,13.3,n,n,n,
1,11/08/2020,09:23:48.369,a,900.226001167814,a900.226001167814,NorthCampus_CMR,green_sunfish,35,82,9.6,n,n,n,
1,11/08/2020,09:24:30.281,a,900.226001167833,a900.226001167833,NorthCampus_CMR,redbreast_sunfish,35,73,6.4,n,n,n,
1,11/08/2020,09:25:28.518,a,900.226001167880,a900.226001167880,NorthCampus_CMR,redbreast_sunfish,35,82,8.3,n,n,n,
1,11/08/2020,09:25:57.713,a,900.226001167798,a900.226001167798,NorthCampus_CMR,bluegill,35,63,3.8,n,n,n,
1,11/08/2020,09:27:01.765,a,900.226001167883,a900.226001167883,NorthCampus_CMR,creek_chub,36,93,9,n,n,n,
1,11/08/2020,09:30:32.106,a,900.226001167768,a900.226001167768,NorthCampus_CMR,striped_jumprock,37,163,44.3,n,n,n,
1,11/08/2020,09:36:25.843,a,900.226001167820,a900.226001167820,NorthCampus_CMR,bluehead_chub,37,113,16.7,n,n,n,
1,11/08/2020,09:37:20.778,a,900.226001167847,a900.226001167847,NorthCampus_CMR,bluegill,37,67,4.7,n,n,n,
1,11/08/2020,09:38:29.033,a,900.226001167851,a900.226001167851,NorthCampus_CMR,redbreast_sunfish,37,63,4,n,n,n,
1,11/08/2020,09:39:42.257,a,900.226001167777,a900.226001167777,NorthCampus_CMR,bluehead_chub,38,71,3.8,n,n,n,
1,11/08/2020,09:56:10.096,a,900.226001167789,a900.226001167789,NorthCampus_CMR,creek_chub,39,109,13,n,n,n,
1,11/08/2020,09:58:11.867,a,900.226001167770,a900.226001167770,NorthCampus_CMR,green_sunfish,39,97,14.6,n,n,n,
1,11/08/2020,09:58:55.946,a,900.226001167741,a900.226001167741,NorthCampus_CMR,creek_chub,39,113,14.1,n,n,n,
1,11/08/2020,09:59:41.314,a,900.226001167788,a900.226001167788,NorthCampus_CMR,creek_chub,39,102,11.2,n,n,n,
1,11/08/2020,10:00:36.403,a,900.226001167772,a900.226001167772,NorthCampus_CMR,bluehead_chub,39,91,8.1,n,n,n,
1,11/08/2020,10:01:12.612,a,900.226001167742,a900.226001167742,NorthCampus_CMR,creek_chub,39,89,7.2,n,n,n,
1,11/08/2020,10:01:56.575,a,900.226001167779,a900.226001167779,NorthCampus_CMR,creek_chub,39,96,9.3,n,n,n,
1,11/08/2020,10:02:36.692,a,900.226001167744,a900.226001167744,NorthCampus_CMR,creek_chub,39,71,3.1,n,n,n,
1,11/08/2020,10:03:19.396,a,900.226001167776,a900.226001167776,NorthCampus_CMR,creek_chub,39,84,6,n,n,n,
1,11/08/2020,10:04:09.986,a,900.226001167724,a900.226001167724,NorthCampus_CMR,redbreast_sunfish,39,64,4,n,n,n,
1,11/08/2020,NA,a,NA,NA,NorthCampus_CMR,NA,40,NA,NA,NA,NA,n,NO_FISH
1,11/08/2020,NA,a,NA,NA,NorthCampus_CMR,NA,41,NA,NA,NA,NA,n,NO_FISH
1,11/08/2020,10:29:38.011,a,900.226001167822,a900.226001167822,NorthCampus_CMR,creek_chub,42,111,13.7,y,n,n,
1,11/08/2020,10:31:12.220,a,900.226001167711,a900.226001167711,NorthCampus_CMR,creek_chub,42,86,6.2,y,n,n,
1,11/08/2020,10:32:16.952,a,900.226001167759,a900.226001167759,NorthCampus_CMR,creek_chub,42,113,15.3,n,n,n,
1,11/08/2020,10:33:22.241,a,900.226001167717,a900.226001167717,NorthCampus_CMR,creek_chub,42,87,7,n,n,n,
1,11/08/2020,10:34:21.773,a,900.226001167750,a900.226001167750,NorthCampus_CMR,creek_chub,42,97,9.6,n,n,n,
1,11/08/2020,10:35:53.544,a,900.226001167790,a900.226001167790,NorthCampus_CMR,creek_chub,42,89,7.5,n,n,n,
1,11/08/2020,10:36:52.753,a,900.226001167754,a900.226001167754,NorthCampus_CMR,creek_chub,42,106,13.6,n,n,n,
1,11/08/2020,10:37:52.456,a,900.226001167748,a900.226001167748,NorthCampus_CMR,creek_chub,42,97,10.8,n,n,n,
1,11/08/2020,10:38:51.236,a,900.226001167799,a900.226001167799,NorthCampus_CMR,bluegill,42,64,3.3,n,n,n,
1,11/08/2020,10:39:58.368,a,900.226001167762,a900.226001167762,NorthCampus_CMR,creek_chub,42,94,7.9,n,n,n,
1,11/08/2020,10:41:52.944,a,900.226001167782,a900.226001167782,NorthCampus_CMR,creek_chub,42,71,4.7,n,n,n,
1,11/08/2020,10:42:46.408,a,900.226001167723,a900.226001167723,NorthCampus_CMR,redbreast_sunfish,42,112,20.7,n,n,n,
1,11/08/2020,10:43:57.485,a,900.226001167710,a900.226001167710,NorthCampus_CMR,creek_chub,42,90,7.5,n,n,n,
1,11/08/2020,10:44:49.569,a,900.226001167702,a900.226001167702,NorthCampus_CMR,creek_chub,42,98,9.1,n,n,n,
1,11/08/2020,10:46:03.043,a,900.226001167712,a900.226001167712,NorthCampus_CMR,creek_chub,42,107,13.3,n,n,n,
1,11/08/2020,10:47:33.586,a,900.226001167747,a900.226001167747,NorthCampus_CMR,creek_chub,42,80,5.2,n,n,n,
1,11/08/2020,10:48:33.062,a,900.226001167791,a900.226001167791,NorthCampus_CMR,creek_chub,42,86,6.6,n,n,n,
1,11/08/2020,10:49:41.213,a,900.226001167763,a900.226001167763,NorthCampus_CMR,bluehead_chub,42,111,16.1,n,n,n,
1,11/08/2020,10:51:04.908,a,900.226001167771,a900.226001167771,NorthCampus_CMR,creek_chub,42,90,7.1,n,n,n,
1,11/08/2020,10:51:43.029,a,900.226001167775,a900.226001167775,NorthCampus_CMR,bluehead_chub,42,87,7,n,n,n,
1,11/08/2020,10:52:39.401,a,900.226001167784,a900.226001167784,NorthCampus_CMR,redbreast_sunfish,42,104,18.5,n,n,n,
1,11/08/2020,10:53:54.012,a,900.226001167736,a900.226001167736,NorthCampus_CMR,bluehead_chub,42,113,17.8,n,n,n,
1,11/08/2020,10:58:46.309,a,900.226001167757,a900.226001167757,NorthCampus_CMR,bluehead_chub,42,98,10.6,n,n,n,
1,11/08/2020,10:55:26.787,a,900.226001167731,a900.226001167731,NorthCampus_CMR,creek_chub,43,99,10.5,n,n,n,
1,11/08/2020,10:57:02.659,a,900.226001167761,a900.226001167761,NorthCampus_CMR,creek_chub,43,94,8.9,n,n,n,
1,11/08/2020,10:57:31.906,a,900.226001167797,a900.226001167797,NorthCampus_CMR,creek_chub,43,74,3.8,n,n,n,
1,11/08/2020,11:01:35.163,a,900.226001167823,a900.226001167823,NorthCampus_CMR,bluehead_chub,43,94,9.3,y,n,n,
1,11/08/2020,11:02:40.783,a,900.226001167778,a900.226001167778,NorthCampus_CMR,bluehead_chub,43,82,6,n,n,n,
1,11/08/2020,11:03:39.499,a,900.226001167749,a900.226001167749,NorthCampus_CMR,bluehead_chub,43,77,5.6,n,n,n,
1,11/08/2020,11:04:21.840,a,900.226001167792,a900.226001167792,NorthCampus_CMR,bluehead_chub,43,61,2.4,n,n,n,
2,02/06/2021,09:06:07.608,a,900.226001698432,a900.226001698432,NorthCampus_CMR,creek_chub,1,103,11.7,n,n,n,
2,02/06/2021,09:09:45.858,a,900.226001698422,a900.226001698422,NorthCampus_CMR,redbreast_sunfish,1,119,21.7,n,n,n,
2,02/06/2021,09:12:01.064,a,900.226001698428,a900.226001698428,NorthCampus_CMR,green_sunfish,1,77,6.7,n,n,n,
2,02/06/2021,09:14:39.389,a,900.226001698468,a900.226001698468,NorthCampus_CMR,green_sunfish,1,87,9.3,n,n,n,
2,02/06/2021,09:25:50.359,a,900.226001167965,a900.226001167965,NorthCampus_CMR,green_sunfish,2,83,9.1,y,n,n,
2,02/06/2021,09:28:19.934,a,900.226001698487,a900.226001698487,NorthCampus_CMR,redbreast_sunfish,2,95,13.2,n,n,n,
2,02/06/2021,09:30:44.045,a,900.226001698441,a900.226001698441,NorthCampus_CMR,green_sunfish,2,100,15.1,n,n,n,
2,02/06/2021,09:32:33.913,a,900.226001698443,a900.226001698443,NorthCampus_CMR,redbreast_sunfish,2,82,8.8,n,n,n,
2,02/06/2021,09:34:26.833,a,900.226001698448,a900.226001698448,NorthCampus_CMR,green_sunfish,2,84,8.7,n,n,n,
2,02/06/2021,09:35:43.050,a,900.226001698412,a900.226001698412,NorthCampus_CMR,redbreast_sunfish,2,98,15,n,n,n,
2,02/06/2021,09:37:29.184,a,900.226001698442,a900.226001698442,NorthCampus_CMR,green_sunfish,2,71,5.2,n,n,n,
2,02/06/2021,09:39:13.868,a,900.226001698453,a900.226001698453,NorthCampus_CMR,bluegill,2,72,4.9,n,n,n,
2,02/06/2021,09:41:09.903,a,900.226001698444,a900.226001698444,NorthCampus_CMR,bluehead_chub,2,70,3.7,n,n,n,
2,02/06/2021,09:48:25.277,a,900.226001167978,a900.226001167978,NorthCampus_CMR,bluehead_chub,3,122,21.3,y,n,n,
2,02/06/2021,09:50:03.588,a,900.226001698435,a900.226001698435,NorthCampus_CMR,bluehead_chub,3,113,16.7,n,n,n,
2,02/06/2021,09:51:47.251,a,900.226001698418,a900.226001698418,NorthCampus_CMR,bluehead_chub,3,89,8.2,n,n,n,
2,02/06/2021,09:52:52.384,a,900.226001698401,a900.226001698401,NorthCampus_CMR,creek_chub,3,61,2,n,n,n,
2,02/06/2021,09:57:19.298,a,900.226001698413,a900.226001698413,NorthCampus_CMR,green_sunfish,4,76,5.8,n,n,n,
2,02/06/2021,09:58:38.359,a,900.226001698465,a900.226001698465,NorthCampus_CMR,redbreast_sunfish,4,95,12.8,n,n,n,
2,02/06/2021,10:01:18.142,a,900.226001167879,a900.226001167879,NorthCampus_CMR,creek_chub,5,100,9.3,y,n,n,
2,02/06/2021,10:04:47.057,a,900.226001698485,a900.226001698485,NorthCampus_CMR,creek_chub,5,101,10.7,n,n,n,
2,02/06/2021,10:05:25.711,a,900.226001698445,a900.226001698445,NorthCampus_CMR,creek_chub,5,93,7.4,n,n,n,
2,02/06/2021,10:06:27.329,a,900.226001698425,a900.226001698425,NorthCampus_CMR,creek_chub,5,87,6.6,n,n,n,
2,02/06/2021,10:07:16.743,a,900.226001698440,a900.226001698440,NorthCampus_CMR,creek_chub,5,75,3.8,n,n,n,
2,02/06/2021,10:08:39.033,a,900.226001698452,a900.226001698452,NorthCampus_CMR,green_sunfish,5,73,5.2,n,n,n,
2,02/06/2021,10:09:41.824,a,900.226001698403,a900.226001698403,NorthCampus_CMR,green_sunfish,5,82,7.6,n,n,n,
2,02/06/2021,10:14:59.465,a,900.226001167889,a900.226001167889,NorthCampus_CMR,bluegill,6,89,9.3,y,n,n,
2,02/06/2021,10:15:36.014,a,900.226001698415,a900.226001698415,NorthCampus_CMR,creek_chub,6,171,53.7,n,n,n,
2,02/06/2021,10:16:37.520,a,900.226001698421,a900.226001698421,NorthCampus_CMR,green_sunfish,6,89,10.1,n,n,n,
2,02/06/2021,10:24:27.770,a,900.226001167733,a900.226001167733,NorthCampus_CMR,creek_chub,7,167,50.8,y,n,n,
2,02/06/2021,10:26:40.033,a,900.226001698473,a900.226001698473,NorthCampus_CMR,creek_chub,8,91,7.8,n,n,n,
2,02/06/2021,10:28:00.826,a,900.226001698409,a900.226001698409,NorthCampus_CMR,green_sunfish,8,87,11.1,n,n,n,
2,02/06/2021,NA,a,NA,NA,NorthCampus_CMR,NA,9,NA,NA,NA,NA,n,NO_FISH
2,02/06/2021,10:34:58.806,a,900.226001167963,a900.226001167963,NorthCampus_CMR,redbreast_sunfish,10,84,9,y,n,n,
2,02/06/2021,10:35:51.054,a,900.226001167703,a900.226001167703,NorthCampus_CMR,redbreast_sunfish,10,87,9.9,n,n,n,
2,02/06/2021,10:36:37.952,a,900.226001698437,a900.226001698437,NorthCampus_CMR,redbreast_sunfish,10,87,8.3,n,n,n,
2,02/06/2021,10:38:25.562,a,900.226001167709,a900.226001167709,NorthCampus_CMR,redbreast_sunfish,10,97,13.6,n,n,n,
2,02/06/2021,10:39:24.719,a,900.226001167796,a900.226001167796,NorthCampus_CMR,green_sunfish,10,88,9.8,n,n,n,
2,02/06/2021,10:40:33.262,a,900.226001167720,a900.226001167720,NorthCampus_CMR,green_sunfish,10,84,8.7,n,n,n,
2,02/06/2021,10:41:14.834,a,900.226001167716,a900.226001167716,NorthCampus_CMR,redbreast_sunfish,10,92,10.9,n,n,n,
2,02/06/2021,10:42:13.271,a,900.226001167783,a900.226001167783,NorthCampus_CMR,green_sunfish,10,98,14.4,n,n,n,
2,02/06/2021,10:43:20.359,a,900.226001167745,a900.226001167745,NorthCampus_CMR,redbreast_sunfish,10,155,52.3,n,n,n,
2,02/06/2021,10:44:40.429,a,900.226001167738,a900.226001167738,NorthCampus_CMR,bluegill,10,85,8.6,n,n,n,
2,02/06/2021,10:46:35.623,a,900.226001167701,a900.226001167701,NorthCampus_CMR,bluehead_chub,10,126,24.5,n,n,n,
2,02/06/2021,10:47:28.499,a,900.226001167746,a900.226001167746,NorthCampus_CMR,striped_jumprock,10,173,48.5,n,n,n,
2,02/06/2021,10:48:16.325,a,900.226001167751,a900.226001167751,NorthCampus_CMR,bluegill,10,71,4.3,n,n,n,
2,02/06/2021,10:52:25.375,a,900.226001167999,a900.226001167999,NorthCampus_CMR,redbreast_sunfish,10,68,4.5,y,n,n,
2,02/06/2021,10:53:01.602,a,900.226001167923,a900.226001167923,NorthCampus_CMR,redbreast_sunfish,10,80,7.3,y,n,n,
2,02/06/2021,10:54:00.706,a,900.226001167773,a900.226001167773,NorthCampus_CMR,redbreast_sunfish,10,125,28.5,n,n,n,
2,02/06/2021,10:55:09.956,a,900.226001167755,a900.226001167755,NorthCampus_CMR,redbreast_sunfish,10,115,22.2,n,n,n,
2,02/06/2021,10:56:34.943,a,900.226001698488,a900.226001698488,NorthCampus_CMR,redbreast_sunfish,10,115,21.5,n,n,n,
2,02/06/2021,10:57:38.485,a,900.226001698498,a900.226001698498,NorthCampus_CMR,redbreast_sunfish,10,114,21.9,n,n,n,
2,02/06/2021,10:58:34.649,a,900.226001698426,a900.226001698426,NorthCampus_CMR,redbreast_sunfish,10,101,14.7,n,n,n,
2,02/06/2021,10:59:37.905,a,900.226001167719,a900.226001167719,NorthCampus_CMR,redbreast_sunfish,10,112,23.1,n,n,n,
2,02/06/2021,11:01:13.337,a,900.226001167737,a900.226001167737,NorthCampus_CMR,redbreast_sunfish,10,84,8.9,n,n,n,
2,02/06/2021,11:01:46.333,a,900.226001167760,a900.226001167760,NorthCampus_CMR,redbreast_sunfish,10,111,21.1,n,n,n,
2,02/06/2021,11:02:49.106,a,900.226001167715,a900.226001167715,NorthCampus_CMR,redbreast_sunfish,10,90,10.6,n,n,n,
2,02/06/2021,11:04:16.413,a,900.226001167705,a900.226001167705,NorthCampus_CMR,green_sunfish,10,73,6,n,n,n,
2,02/06/2021,11:05:31.178,a,900.226001167766,a900.226001167766,NorthCampus_CMR,green_sunfish,10,83,8.1,n,n,n,
2,02/06/2021,11:06:24.440,a,900.226001167706,a900.226001167706,NorthCampus_CMR,green_sunfish,10,78,6.4,n,n,n,
2,02/06/2021,11:07:55.051,a,900.226001167758,a900.226001167758,NorthCampus_CMR,bluegill,10,87,8.8,n,n,n,
2,02/06/2021,11:09:20.750,a,900.226001167700,a900.226001167700,NorthCampus_CMR,bluegill,10,100,13.3,n,n,n,
2,02/06/2021,11:10:28.580,a,900.226001167764,a900.226001167764,NorthCampus_CMR,redbreast_sunfish,10,72,6.3,n,n,n,
2,02/06/2021,11:11:11.378,a,900.226001167769,a900.226001167769,NorthCampus_CMR,redbreast_sunfish,10,77,6.7,n,n,n,
2,02/06/2021,11:14:43.433,a,900.226001167735,a900.226001167735,NorthCampus_CMR,creek_chub,10,110,14.4,n,n,n,
2,02/06/2021,11:17:42.955,a,900.226001167785,a900.226001167785,NorthCampus_CMR,redbreast_sunfish,11,118,22.2,n,n,n,
2,02/06/2021,11:18:34.363,a,900.226001167728,a900.226001167728,NorthCampus_CMR,redbreast_sunfish,11,104,17.5,n,n,n,
2,02/06/2021,11:19:13.690,a,900.226001167765,a900.226001167765,NorthCampus_CMR,bluehead_chub,11,134,25.9,n,n,n,
2,02/06/2021,11:20:26.041,a,900.226001698400,a900.226001698400,NorthCampus_CMR,green_sunfish,11,131,34.1,n,n,n,
2,02/06/2021,11:21:11.381,a,900.226001698454,a900.226001698454,NorthCampus_CMR,green_sunfish,11,75,6.9,n,n,n,
2,02/06/2021,11:22:30.962,a,900.226001698447,a900.226001698447,NorthCampus_CMR,bluehead_chub,11,116,17.5,n,n,n,
2,02/06/2021,11:23:52.551,a,900.226001698467,a900.226001698467,NorthCampus_CMR,bluehead_chub,11,99,11.8,n,n,n,
2,02/06/2021,11:24:48.437,a,900.226001698416,a900.226001698416,NorthCampus_CMR,bluehead_chub,11,87,7.4,n,n,n,
2,02/06/2021,12:13:21.044,a,900.226001167926,a900.226001167926,NorthCampus_CMR,redbreast_sunfish,12,141,45,y,n,n,
2,02/06/2021,12:15:23.074,a,900.226001698406,a900.226001698406,NorthCampus_CMR,redbreast_sunfish,12,157,60.1,n,n,n,
2,02/06/2021,12:16:13.532,a,900.226001698490,a900.226001698490,NorthCampus_CMR,bluehead_chub,12,127,24.5,n,n,n,
2,02/06/2021,12:16:48.654,a,900.226001698461,a900.226001698461,NorthCampus_CMR,green_sunfish,12,85,9.1,n,n,n,
2,02/06/2021,12:17:18.846,a,900.226001698466,a900.226001698466,NorthCampus_CMR,green_sunfish,12,82,8.8,n,n,n,
2,02/06/2021,12:17:50.656,a,900.226001698459,a900.226001698459,NorthCampus_CMR,green_sunfish,12,84,8.7,n,n,n,
2,02/06/2021,12:18:43.569,a,900.226001698493,a900.226001698493,NorthCampus_CMR,redbreast_sunfish,12,60,3.4,n,n,n,
2,02/06/2021,12:21:35.565,a,900.226001167899,a900.226001167899,NorthCampus_CMR,redbreast_sunfish,13,126,28.2,y,n,n,
2,02/06/2021,12:22:10.709,a,900.226001167857,a900.226001167857,NorthCampus_CMR,redbreast_sunfish,13,90,12.1,y,n,n,
2,02/06/2021,12:22:33.307,a,900.226001167863,a900.226001167863,NorthCampus_CMR,green_sunfish,13,77,6.8,y,n,n,
2,02/06/2021,12:23:21.147,a,900.226001698460,a900.226001698460,NorthCampus_CMR,green_sunfish,13,150,54.3,n,n,n,
2,02/06/2021,12:23:59.582,a,900.226001698497,a900.226001698497,NorthCampus_CMR,creek_chub,13,131,26.8,n,n,n,
2,02/06/2021,12:24:34.922,a,900.226001698434,a900.226001698434,NorthCampus_CMR,green_sunfish,13,126,31.9,n,n,n,
2,02/06/2021,12:25:08.109,a,900.226001698474,a900.226001698474,NorthCampus_CMR,green_sunfish,13,112,21.4,n,n,n,
2,02/06/2021,12:25:50.611,a,900.226001698457,a900.226001698457,NorthCampus_CMR,green_sunfish,13,127,34.3,n,n,n,
2,02/06/2021,12:26:25.238,a,900.226001698494,a900.226001698494,NorthCampus_CMR,green_sunfish,13,91,11.5,n,n,n,
2,02/06/2021,12:26:59.049,a,900.226001698410,a900.226001698410,NorthCampus_CMR,redbreast_sunfish,13,98,14,n,n,n,
2,02/06/2021,12:37:43.390,a,900.226001167828,a900.226001167828,NorthCampus_CMR,redbreast_sunfish,14,80,7.1,y,n,n,
2,02/06/2021,12:38:14.484,a,900.226001698419,a900.226001698419,NorthCampus_CMR,redbreast_sunfish,14,107,18.3,n,n,n,
2,02/06/2021,12:38:40.244,a,900.226001698499,a900.226001698499,NorthCampus_CMR,green_sunfish,14,75,6,n,n,n,
2,02/06/2021,12:50:53.461,a,900.226001698489,a900.226001698489,NorthCampus_CMR,striped_jumprock,15,147,26.6,n,n,n,
2,02/06/2021,12:51:35.615,a,900.226001698424,a900.226001698424,NorthCampus_CMR,striped_jumprock,15,150,30.4,n,n,n,
2,02/06/2021,12:51:59.609,a,900.226001698483,a900.226001698483,NorthCampus_CMR,creek_chub,15,97,10.2,n,n,n,
2,02/06/2021,12:54:24.138,a,900.226001698479,a900.226001698479,NorthCampus_CMR,bluehead_chub,16,87,7.3,n,n,n,
2,02/06/2021,12:54:57.818,a,900.226001698417,a900.226001698417,NorthCampus_CMR,creek_chub,16,144,33.5,n,n,n,
2,02/06/2021,12:55:21.732,a,900.226001698477,a900.226001698477,NorthCampus_CMR,bluehead_chub,16,133,26.7,n,n,n,
2,02/06/2021,12:55:43.867,a,900.226001698411,a900.226001698411,NorthCampus_CMR,bluehead_chub,16,130,24.3,n,n,n,
2,02/06/2021,12:56:04.918,a,900.226001698438,a900.226001698438,NorthCampus_CMR,bluehead_chub,16,90,7.4,n,n,n,
2,02/06/2021,12:57:13.584,a,900.226001698462,a900.226001698462,NorthCampus_CMR,bluehead_chub,16,84,7.1,n,n,n,
2,02/06/2021,12:57:36.312,a,900.226001698414,a900.226001698414,NorthCampus_CMR,bluehead_chub,16,88,7.2,n,n,n,
2,02/06/2021,13:03:21.009,a,900.226001167861,a900.226001167861,NorthCampus_CMR,green_sunfish,17,95,12.7,y,n,n,
2,02/06/2021,13:03:59.828,a,900.226001698478,a900.226001698478,NorthCampus_CMR,creek_chub,17,94,8.5,n,n,n,
2,02/06/2021,NA,a,NA,NA,NorthCampus_CMR,NA,18,NA,NA,NA,NA,n,NO_FISH
2,02/06/2021,NA,a,NA,NA,NorthCampus_CMR,NA,19,NA,NA,NA,NA,n,NO_FISH
2,02/06/2021,14:21:45.645,a,900.226001167718,a900.226001167718,NorthCampus_CMR,bluehead_chub,20,96,9.9,y,n,n,
2,02/06/2021,14:22:15.590,a,900.226001167858,a900.226001167858,NorthCampus_CMR,green_sunfish,20,103,14,y,n,n,
2,02/06/2021,14:22:36.802,a,900.226001698455,a900.226001698455,NorthCampus_CMR,creek_chub,20,97,9.4,n,n,n,2/6/21 SK recap corrected
2,02/06/2021,14:22:59.171,a,900.226001167802,a900.226001167802,NorthCampus_CMR,creek_chub,20,107,12.8,y,n,n,
2,02/06/2021,14:23:35.830,a,900.226001698404,a900.226001698404,NorthCampus_CMR,creek_chub,20,68,2.8,n,n,n,2/6/21 SK recap corrected
2,02/06/2021,14:24:00.614,a,900.226001698407,a900.226001698407,NorthCampus_CMR,creek_chub,20,95,8.4,n,n,n,
2,02/06/2021,14:24:15.418,a,900.226001698470,a900.226001698470,NorthCampus_CMR,creek_chub,20,87,6,n,n,n,
2,02/06/2021,14:24:33.989,a,900.226001698481,a900.226001698481,NorthCampus_CMR,green_sunfish,20,74,6.4,n,n,n,
2,02/06/2021,14:25:18.859,a,900.226001698482,a900.226001698482,NorthCampus_CMR,bluehead_chub,20,63,2.8,n,n,n,
2,02/06/2021,NA,a,NA,NA,NorthCampus_CMR,NA,21,NA,NA,NA,NA,n,NO_FISH
2,02/06/2021,13:59:03.048,a,900.226001167804,a900.226001167804,NorthCampus_CMR,creek_chub,22,100,10.8,y,n,n,
2,02/06/2021,13:59:40.757,a,900.226001698427,a900.226001698427,NorthCampus_CMR,redbreast_sunfish,22,124,30.1,n,n,n,
2,02/06/2021,14:00:03.282,a,900.226001698491,a900.226001698491,NorthCampus_CMR,green_sunfish,22,92,14.3,n,n,n,
2,02/06/2021,14:00:52.265,a,900.226001698484,a900.226001698484,NorthCampus_CMR,creek_chub,22,120,18.8,n,n,n,
2,02/06/2021,14:01:12.049,a,900.226001698463,a900.226001698463,NorthCampus_CMR,bluehead_chub,22,115,17,n,n,n,
2,02/06/2021,14:01:36.271,a,900.226001698429,a900.226001698429,NorthCampus_CMR,creek_chub,22,87,6.4,n,n,n,
2,02/06/2021,14:01:58.470,a,900.226001698423,a900.226001698423,NorthCampus_CMR,green_sunfish,22,83,9.6,n,n,n,
2,02/06/2021,14:07:07.151,a,900.226001167726,a900.226001167726,NorthCampus_CMR,creek_chub,23,94,8.9,y,n,n,
2,02/06/2021,14:07:32.018,a,900.226001167722,a900.226001167722,NorthCampus_CMR,creek_chub,23,95,9,y,n,n,
2,02/06/2021,14:07:58.711,a,900.226001167753,a900.226001167753,NorthCampus_CMR,creek_chub,23,88,6.9,y,n,n,
2,02/06/2021,14:08:14.568,a,900.226001698450,a900.226001698450,NorthCampus_CMR,striped_jumprock,23,164,40.3,n,n,n,
2,02/06/2021,14:08:37.724,a,900.226001698469,a900.226001698469,NorthCampus_CMR,creek_chub,23,90,7.5,n,n,n,
2,02/06/2021,14:08:58.971,a,900.226001698446,a900.226001698446,NorthCampus_CMR,green_sunfish,23,89,10.4,n,n,n,
2,02/06/2021,14:12:43.054,a,900.226001698456,a900.226001698456,NorthCampus_CMR,creek_chub,24,60,2.4,n,n,n,
2,02/06/2021,14:13:08.623,a,900.226001698431,a900.226001698431,NorthCampus_CMR,green_sunfish,24,61,3.5,n,n,n,
2,02/06/2021,NA,a,NA,NA,NorthCampus_CMR,NA,25,NA,NA,NA,NA,n,NO_FISH
2,02/06/2021,14:16:44.812,a,900.226001167873,a900.226001167873,NorthCampus_CMR,creek_chub,26,94,9.7,y,n,n,
2,02/06/2021,14:17:16.480,a,900.226001167893,a900.226001167893,NorthCampus_CMR,creek_chub,26,111,14.8,y,n,n,
2,02/06/2021,14:17:42.567,a,900.226001167887,a900.226001167887,NorthCampus_CMR,creek_chub,26,95,9.9,y,n,n,
2,02/06/2021,14:18:03.683,a,900.226001698480,a900.226001698480,NorthCampus_CMR,creek_chub,26,94,8.5,n,n,n,
2,02/06/2021,14:18:38.703,a,900.226001698408,a900.226001698408,NorthCampus_CMR,green_sunfish,26,102,16.7,n,n,n,
2,02/06/2021,14:19:08.497,a,900.226001698436,a900.226001698436,NorthCampus_CMR,bluehead_chub,26,69,3.7,n,n,n,
2,02/21/2021,NA,a,NA,NA,NorthCampus_CMR,NA,27,NA,NA,NA,NA,n,NO_FISH
2,02/21/2021,NA,a,NA,NA,NorthCampus_CMR,NA,28,NA,NA,NA,NA,n,NO_FISH
2,02/21/2021,08:57:25.296,a,900.226001698582,a900.226001698582,NorthCampus_CMR,creek_chub,29,63,2.1,n,n,n,
2,02/21/2021,08:58:14.917,a,900.226001167834,a900.226001167834,NorthCampus_CMR,bluehead_chub,29,72,5,y,n,n,
2,02/21/2021,09:01:22.772,a,900.226001167815,a900.226001167815,NorthCampus_CMR,creek_chub,30,89,6.8,y,n,n,
2,02/21/2021,09:01:44.091,a,900.226001167821,a900.226001167821,NorthCampus_CMR,creek_chub,30,83,6,y,n,n,
2,02/21/2021,09:02:05.356,a,900.226001167793,a900.226001167793,NorthCampus_CMR,bluehead_chub,30,104,12.7,y,n,n,injured
2,02/21/2021,09:02:35.817,a,900.226001698451,a900.226001698451,NorthCampus_CMR,bluehead_chub,30,150,40,n,n,n,male
2,02/21/2021,09:03:25.853,a,900.226001698552,a900.226001698552,NorthCampus_CMR,bluehead_chub,30,118,18.3,n,n,n,
2,02/21/2021,09:03:56.554,a,900.226001698537,a900.226001698537,NorthCampus_CMR,creek_chub,30,81,5.2,n,n,n,
2,02/21/2021,09:05:35.693,a,900.226001698587,a900.226001698587,NorthCampus_CMR,creek_chub,31,102,12.4,n,n,n,
2,02/21/2021,09:05:58.664,a,900.226001698518,a900.226001698518,NorthCampus_CMR,green_sunfish,31,87,9,n,n,n,
2,02/21/2021,09:06:36.836,a,900.226001698515,a900.226001698515,NorthCampus_CMR,creek_chub,31,84,5.2,n,n,n,
2,02/21/2021,09:07:16.809,a,900.226001698583,a900.226001698583,NorthCampus_CMR,green_sunfish,31,77,7.2,n,n,n,
2,02/21/2021,09:08:42.870,a,900.226001698525,a900.226001698525,NorthCampus_CMR,bluegill,32,82,7.1,n,n,n,
2,02/21/2021,NA,a,NA,NA,NorthCampus_CMR,NA,33,NA,NA,NA,NA,n,NO_FISH
2,02/21/2021,09:25:34.647,a,900.226001698556,a900.226001698556,NorthCampus_CMR,bluegill,34,91,9.8,n,n,n,
2,02/21/2021,09:26:04.620,a,900.226001698524,a900.226001698524,NorthCampus_CMR,creek_chub,34,138,32.5,n,n,n,5/18/21 SK species ID corrected
2,02/21/2021,09:26:48.155,a,900.226001698553,a900.226001698553,NorthCampus_CMR,bluegill,34,86,8.5,n,n,n,
2,02/21/2021,09:27:12.921,a,900.226001698510,a900.226001698510,NorthCampus_CMR,bluegill,34,83,6.7,n,n,n,
2,02/21/2021,09:29:06.172,a,900.226001167814,a900.226001167814,NorthCampus_CMR,green_sunfish,35,85,10.2,y,n,n,
2,02/21/2021,09:29:34.560,a,900.226001167867,a900.226001167867,NorthCampus_CMR,creek_chub,35,114,15.9,y,n,n,
2,02/21/2021,09:30:17.641,a,900.226001698538,a900.226001698538,NorthCampus_CMR,bluegill,35,72,4.6,n,n,n,
2,02/21/2021,09:30:43.596,a,900.226001698592,a900.226001698592,NorthCampus_CMR,creek_chub,35,106,12,n,n,n,
2,02/21/2021,09:31:12.482,a,900.226001698560,a900.226001698560,NorthCampus_CMR,creek_chub,35,169,59.9,n,n,n,
2,02/21/2021,09:31:39.376,a,900.226001698597,a900.226001698597,NorthCampus_CMR,green_sunfish,35,77,7.2,n,n,n,
2,02/21/2021,09:36:09.187,a,900.226001698514,a900.226001698514,NorthCampus_CMR,green_sunfish,36,80,8.4,n,n,n,
2,02/21/2021,09:37:30.058,a,900.226001698513,a900.226001698513,NorthCampus_CMR,green_sunfish,37,77,6.8,n,n,n,
2,02/21/2021,09:56:53.655,a,900.226001167839,a900.226001167839,NorthCampus_CMR,creek_chub,38,91,8.1,y,n,n,
2,02/21/2021,09:59:24.085,a,900.226001698574,a900.226001698574,NorthCampus_CMR,creek_chub,38,104,11.9,n,n,n,
2,02/21/2021,10:02:36.462,a,900.226001698502,a900.226001698502,NorthCampus_CMR,creek_chub,38,122,21.3,n,n,n,
2,02/21/2021,10:04:19.957,a,900.226001698512,a900.226001698512,NorthCampus_CMR,creek_chub,38,110,14.3,n,n,n,
2,02/21/2021,10:13:58.411,a,900.226001167742,a900.226001167742,NorthCampus_CMR,creek_chub,39,91,7.6,y,n,n,
2,02/21/2021,10:17:25.093,a,900.226001167884,a900.226001167884,NorthCampus_CMR,bluehead_chub,40,92,8.8,y,n,n,
2,02/21/2021,10:21:23.853,a,900.226001698580,a900.226001698580,NorthCampus_CMR,green_sunfish,41,70,5.1,n,n,n,
2,02/21/2021,10:24:58.396,a,900.226001698540,a900.226001698540,NorthCampus_CMR,bluehead_chub,41,65,2.8,n,n,n,
2,02/21/2021,10:37:03.447,a,900.226001167823,a900.226001167823,NorthCampus_CMR,bluehead_chub,42,92,9.4,y,n,n,
2,02/21/2021,10:38:29.801,a,900.226001698528,a900.226001698528,NorthCampus_CMR,creek_chub,42,89,6,n,n,n,
2,02/21/2021,10:39:36.991,a,900.226001698449,a900.226001698449,NorthCampus_CMR,creek_chub,42,90,7.3,n,n,n,
2,02/21/2021,10:42:05.818,a,900.226001698486,a900.226001698486,NorthCampus_CMR,creek_chub,42,98,8.9,n,n,n,
2,02/21/2021,10:44:01.785,a,900.226001698558,a900.226001698558,NorthCampus_CMR,green_sunfish,42,92,12.3,n,n,n,
2,02/21/2021,10:44:54.427,a,900.226001698420,a900.226001698420,NorthCampus_CMR,redbreast_sunfish,42,63,4.1,n,n,n,
2,02/21/2021,10:46:11.883,a,900.226001698433,a900.226001698433,NorthCampus_CMR,creek_chub,42,68,3.3,n,n,n,
2,02/21/2021,10:49:21.532,a,900.226001167723,a900.226001167723,NorthCampus_CMR,redbreast_sunfish,43,112,20.8,y,n,n,
2,02/21/2021,10:50:09.495,a,900.226001698578,a900.226001698578,NorthCampus_CMR,green_sunfish,43,80,8.1,n,n,n,
2,02/21/2021,10:51:00.978,a,900.226001698575,a900.226001698575,NorthCampus_CMR,green_sunfish,43,74,6,n,n,n,
2,02/21/2021,10:52:08.173,a,900.226001698523,a900.226001698523,NorthCampus_CMR,bluehead_chub,43,85,7,n,n,n,
3,05/15/2021,09:39:40.462,a,900.226001167772,a900.226001167772,NorthCampus_CMR,bluehead_chub,1,104,14.2,y,n,n,
3,05/15/2021,09:42:41.905,a,900.226001698559,a900.226001698559,NorthCampus_CMR,bluehead_chub,1,102,15.3,n,n,n,
3,05/15/2021,09:43:09.086,a,900.226001698577,a900.226001698577,NorthCampus_CMR,bluehead_chub,1,102,13.1,n,n,n,
3,05/15/2021,09:43:32.657,a,900.226001698588,a900.226001698588,NorthCampus_CMR,green_sunfish,1,76,8.3,n,n,n,
3,05/15/2021,09:43:59.144,a,900.226001698544,a900.226001698544,NorthCampus_CMR,green_sunfish,1,67,5.5,n,n,n,
3,05/15/2021,09:51:37.515,a,900.226001167959,a900.226001167959,NorthCampus_CMR,creek_chub,2,130,25.5,y,n,n,
3,05/15/2021,09:52:18.773,a,900.226001698442,a900.226001698442,NorthCampus_CMR,green_sunfish,2,78,8.7,y,n,n,
3,05/15/2021,09:52:44.269,a,900.226001167987,a900.226001167987,NorthCampus_CMR,creek_chub,2,97,10.3,y,n,n,
3,05/15/2021,09:53:01.469,a,900.226001167957,a900.226001167957,NorthCampus_CMR,creek_chub,2,132,27.1,y,n,n,
3,05/15/2021,09:54:11.763,a,900.226001698594,a900.226001698594,NorthCampus_CMR,bluegill,2,62,3.8,n,n,n,
3,05/15/2021,09:54:37.995,a,900.226001698593,a900.226001698593,NorthCampus_CMR,creek_chub,2,95,9.8,n,n,n,
3,05/15/2021,09:55:16.548,a,900.226001698579,a900.226001698579,NorthCampus_CMR,creek_chub,2,111,18.3,n,n,n,
3,05/15/2021,09:55:37.007,a,900.226001698573,a900.226001698573,NorthCampus_CMR,bluegill,2,97,14.9,n,n,n,
3,05/15/2021,09:55:58.826,a,900.226001698571,a900.226001698571,NorthCampus_CMR,bluehead_chub,2,156,49.1,n,n,n,
3,05/15/2021,09:56:28.278,a,900.226001698500,a900.226001698500,NorthCampus_CMR,bluehead_chub,2,76,5.7,n,n,n,
3,05/15/2021,09:56:53.324,a,900.226001698530,a900.226001698530,NorthCampus_CMR,green_sunfish,2,77,7.4,n,n,n,
3,05/15/2021,09:57:45.389,a,900.226001698533,a900.226001698533,NorthCampus_CMR,bluegill,2,78,6.9,n,n,n,
3,05/15/2021,09:58:54.738,a,900.226001698565,a900.226001698565,NorthCampus_CMR,bluehead_chub,2,77,5.7,n,n,n,
3,05/15/2021,10:00:51.590,a,900.226001698532,a900.226001698532,NorthCampus_CMR,bluehead_chub,3,76,5.3,n,n,n,
3,05/15/2021,10:06:37.194,a,900.226001698488,a900.226001698488,NorthCampus_CMR,redbreast_sunfish,4,121,30.5,y,n,n,
3,05/15/2021,10:07:09.918,a,900.226001167978,a900.226001167978,NorthCampus_CMR,bluehead_chub,4,132,34.3,y,n,n,
3,05/15/2021,10:07:44.485,a,900.226001698475,a900.226001698475,NorthCampus_CMR,redbreast_sunfish,4,102,20.4,n,n,n,
3,05/15/2021,10:08:10.659,a,900.226001698507,a900.226001698507,NorthCampus_CMR,creek_chub,4,123,21.1,n,n,n,
3,05/15/2021,10:08:59.853,a,900.226001698516,a900.226001698516,NorthCampus_CMR,bluehead_chub,4,118,19.6,n,n,n,
3,05/15/2021,10:09:21.755,a,900.226001698503,a900.226001698503,NorthCampus_CMR,redbreast_sunfish,4,123,38.8,n,n,n,
3,05/15/2021,10:09:53.736,a,900.226001698511,a900.226001698511,NorthCampus_CMR,bluehead_chub,4,100,13.6,n,n,n,
3,05/15/2021,10:10:41.671,a,900.226001698557,a900.226001698557,NorthCampus_CMR,bluegill,4,86,9.9,n,n,n,
3,05/15/2021,10:11:28.204,a,900.226001698529,a900.226001698529,NorthCampus_CMR,redbreast_sunfish,4,134,46.6,n,n,n,
3,05/15/2021,10:12:04.155,a,900.226001698543,a900.226001698543,NorthCampus_CMR,striped_jumprock,4,152,41.1,n,n,n,
3,05/15/2021,10:12:38.788,a,900.226001698590,a900.226001698590,NorthCampus_CMR,bluehead_chub,4,122,22.2,n,n,n,
3,05/15/2021,10:13:03.263,a,900.226001698591,a900.226001698591,NorthCampus_CMR,creek_chub,4,106,14.1,n,n,n,
3,05/15/2021,10:13:25.853,a,900.226001698535,a900.226001698535,NorthCampus_CMR,creek_chub,4,105,14.1,n,n,n,
3,05/15/2021,10:13:58.083,a,900.226001698576,a900.226001698576,NorthCampus_CMR,redbreast_sunfish,4,94,14.3,n,n,n,
3,05/15/2021,10:14:26.672,a,900.226001698464,a900.226001698464,NorthCampus_CMR,bluehead_chub,4,81,6,n,n,n,
3,05/15/2021,10:16:07.353,a,900.226001698549,a900.226001698549,NorthCampus_CMR,green_sunfish,5,62,3.7,n,n,n,
3,05/15/2021,10:16:42.967,a,900.226001698495,a900.226001698495,NorthCampus_CMR,green_sunfish,5,93,15.2,n,n,n,
3,05/15/2021,10:17:17.086,a,900.226001698546,a900.226001698546,NorthCampus_CMR,bluehead_chub,5,77,5.8,n,n,n,
3,05/15/2021,10:17:45.411,a,900.226001698536,a900.226001698536,NorthCampus_CMR,creek_chub,5,109,14.8,n,n,n,
3,05/15/2021,10:21:03.719,a,900.226001698445,a900.226001698445,NorthCampus_CMR,creek_chub,6,105,13.9,y,n,n,
3,05/15/2021,10:21:24.983,a,900.226001698522,a900.226001698522,NorthCampus_CMR,redbreast_sunfish,6,80,9.6,n,n,n,
3,05/15/2021,10:21:53.179,a,900.226001698550,a900.226001698550,NorthCampus_CMR,bluegill,6,104,17.7,n,n,n,
3,05/15/2021,10:22:13.145,a,900.226001698501,a900.226001698501,NorthCampus_CMR,bluehead_chub,6,133,27,n,n,n,
3,05/15/2021,10:22:32.049,a,900.226001698596,a900.226001698596,NorthCampus_CMR,creek_chub,6,118,22.7,n,n,n,
3,05/15/2021,10:23:05.778,a,900.226001698585,a900.226001698585,NorthCampus_CMR,bluehead_chub,6,134,27.9,n,n,n,
3,05/15/2021,10:23:30.049,a,900.226001698570,a900.226001698570,NorthCampus_CMR,creek_chub,6,124,20.3,n,n,n,
3,05/15/2021,10:23:51.651,a,900.226001698562,a900.226001698562,NorthCampus_CMR,creek_chub,6,93,9.2,n,n,n,
3,05/15/2021,10:24:12.711,a,900.226001698584,a900.226001698584,NorthCampus_CMR,bluegill,6,75,6.1,n,n,n,
3,05/15/2021,10:24:58.054,a,900.226001698561,a900.226001698561,NorthCampus_CMR,creek_chub,6,110,14.6,n,n,n,
3,05/15/2021,10:25:23.640,a,900.226001698542,a900.226001698542,NorthCampus_CMR,creek_chub,6,107,14.9,n,n,n,
3,05/15/2021,10:25:54.971,a,900.226001698555,a900.226001698555,NorthCampus_CMR,creek_chub,6,112,13.9,n,n,n,
3,05/15/2021,10:26:38.525,a,900.226001698405,a900.226001698405,NorthCampus_CMR,bluehead_chub,6,68,4,n,n,n,
3,05/15/2021,10:28:17.125,a,900.226001698572,a900.226001698572,NorthCampus_CMR,green_sunfish,6,108,22.1,n,n,n,
3,05/15/2021,10:28:46.133,a,900.226001698566,a900.226001698566,NorthCampus_CMR,creek_chub,6,128,25.5,n,n,n,
3,05/15/2021,10:29:22.934,a,900.226001698564,a900.226001698564,NorthCampus_CMR,creek_chub,6,103,12.8,n,n,n,
3,05/15/2021,10:29:44.766,a,900.226001698439,a900.226001698439,NorthCampus_CMR,redbreast_sunfish,6,122,34.1,n,n,n,
3,05/15/2021,10:30:07.308,a,900.226001698508,a900.226001698508,NorthCampus_CMR,bluehead_chub,6,100,13.3,n,n,n,
3,05/15/2021,10:31:24.704,a,900.226001698586,a900.226001698586,NorthCampus_CMR,bluegill,6,85,9.8,n,n,n,
3,05/15/2021,10:31:52.522,a,900.226001698541,a900.226001698541,NorthCampus_CMR,green_sunfish,6,63,4.6,n,n,n,
3,05/15/2021,10:32:25.500,a,900.226001698547,a900.226001698547,NorthCampus_CMR,creek_chub,6,97,10.2,n,n,n,
3,05/15/2021,11:37:15.129,a,900.226001698563,a900.226001698563,NorthCampus_CMR,green_sunfish,7,85,11.2,n,n,n,
3,05/15/2021,11:39:01.678,a,900.226001167863,a900.226001167863,NorthCampus_CMR,green_sunfish,8,87,12,y,n,n,
3,05/15/2021,11:39:26.951,a,900.226001698599,a900.226001698599,NorthCampus_CMR,creek_chub,8,81,5.9,n,n,n,
3,05/15/2021,11:39:46.188,a,900.226001698504,a900.226001698504,NorthCampus_CMR,green_sunfish,8,97,16.6,n,n,n,
3,05/15/2021,11:40:24.810,a,900.226001698531,a900.226001698531,NorthCampus_CMR,green_sunfish,8,90,12.7,n,n,n,
3,05/15/2021,11:41:07.787,a,900.226001698506,a900.226001698506,NorthCampus_CMR,creek_chub,8,68,3.5,n,n,n,
3,05/15/2021,11:43:40.700,a,900.226001698521,a900.226001698521,NorthCampus_CMR,creek_chub,9,68,3.3,n,n,n,
3,05/15/2021,11:44:08.884,a,900.226001698402,a900.226001698402,NorthCampus_CMR,bluehead_chub,9,67,3.3,n,n,n,
3,05/15/2021,11:49:47.309,a,900.226001698478,a900.226001698478,NorthCampus_CMR,creek_chub,10,107,15.3,y,n,n,
3,05/15/2021,11:50:07.771,a,900.226001167972,a900.226001167972,NorthCampus_CMR,redbreast_sunfish,10,89,13.6,y,n,n,
3,05/15/2021,11:50:27.573,a,900.226001167764,a900.226001167764,NorthCampus_CMR,redbreast_sunfish,10,79,8.7,y,n,n,
3,05/15/2021,11:50:48.553,a,900.226001167738,a900.226001167738,NorthCampus_CMR,bluegill,10,96,13.7,y,n,n,
3,05/15/2021,11:51:14.372,a,900.226001167796,a900.226001167796,NorthCampus_CMR,green_sunfish,10,82,19.4,y,n,y,too heavy given the length
3,05/15/2021,11:51:58.804,a,900.226001698321,a900.226001698321,NorthCampus_CMR,striped_jumprock,10,175,65.4,n,n,n,
3,05/15/2021,11:52:24.490,a,900.226001698327,a900.226001698327,NorthCampus_CMR,green_sunfish,10,91,12.5,n,n,n,
3,05/15/2021,11:52:49.563,a,900.226001698351,a900.226001698351,NorthCampus_CMR,redbreast_sunfish,10,148,58.5,n,n,n,
3,05/15/2021,11:53:24.040,a,900.226001698366,a900.226001698366,NorthCampus_CMR,redbreast_sunfish,10,135,41.3,n,n,n,
3,05/15/2021,11:53:55.871,a,900.226001698331,a900.226001698331,NorthCampus_CMR,green_sunfish,10,84,9.7,n,n,n,
3,05/15/2021,11:54:17.337,a,900.226001698397,a900.226001698397,NorthCampus_CMR,redbreast_sunfish,10,70,6.2,n,n,n,
3,05/15/2021,11:54:50.695,a,900.226001698345,a900.226001698345,NorthCampus_CMR,bluegill,10,102,15.9,n,n,n,
3,05/15/2021,11:55:14.575,a,900.226001698382,a900.226001698382,NorthCampus_CMR,bluehead_chub,10,84,7.4,n,n,n,
3,05/15/2021,11:55:38.598,a,900.226001698396,a900.226001698396,NorthCampus_CMR,creek_chub,10,105,12.5,n,n,n,
3,05/15/2021,11:56:22.378,a,900.226001698359,a900.226001698359,NorthCampus_CMR,creek_chub,10,110,14.7,n,n,n,
3,05/15/2021,11:57:27.033,a,900.226001698363,a900.226001698363,NorthCampus_CMR,bluehead_chub,10,108,14.3,n,n,n,
3,05/15/2021,11:57:56.741,a,900.226001698476,a900.226001698476,NorthCampus_CMR,bluehead_chub,10,110,16.3,n,n,n,
3,05/15/2021,11:58:16.100,a,900.226001698554,a900.226001698554,NorthCampus_CMR,green_sunfish,10,90,13.2,n,n,n,
3,05/15/2021,11:58:49.298,a,900.226001698304,a900.226001698304,NorthCampus_CMR,redbreast_sunfish,10,111,27.6,n,n,n,
3,05/15/2021,11:59:11.718,a,900.226001698344,a900.226001698344,NorthCampus_CMR,green_sunfish,10,82,9.7,n,n,n,
3,05/15/2021,12:01:10.262,a,900.226001167715,a900.226001167715,NorthCampus_CMR,redbreast_sunfish,11,99,16.2,y,n,n,
3,05/15/2021,12:01:33.725,a,900.226001698334,a900.226001698334,NorthCampus_CMR,bluehead_chub,11,88,7.1,n,n,n,
3,05/15/2021,12:02:32.309,a,900.226001698337,a900.226001698337,NorthCampus_CMR,bluehead_chub,11,70,4.4,n,n,n,
3,05/15/2021,12:06:51.400,a,900.226001167952,a900.226001167952,NorthCampus_CMR,green_sunfish,12,86,11.9,y,n,n,
3,05/15/2021,12:07:13.618,a,900.226001167808,a900.226001167808,NorthCampus_CMR,green_sunfish,12,104,19.3,y,n,n,
3,05/15/2021,12:07:38.299,a,900.226001167926,a900.226001167926,NorthCampus_CMR,redbreast_sunfish,12,149,62.4,y,n,n,
3,05/15/2021,12:08:01.349,a,900.226001167841,a900.226001167841,NorthCampus_CMR,bluehead_chub,12,127,25.5,y,n,n,
3,05/15/2021,12:08:32.274,a,900.226001698303,a900.226001698303,NorthCampus_CMR,redbreast_sunfish,12,118,28.2,n,n,n,
3,05/15/2021,12:09:15.841,a,900.226001698301,a900.226001698301,NorthCampus_CMR,bluegill,12,108,18.4,n,n,n,
3,05/15/2021,12:09:35.022,a,900.226001698369,a900.226001698369,NorthCampus_CMR,redbreast_sunfish,12,129,38.6,n,n,n,
3,05/15/2021,12:10:25.055,a,900.226001698320,a900.226001698320,NorthCampus_CMR,redbreast_sunfish,12,96,16.5,n,n,n,
3,05/15/2021,12:10:47.891,a,900.226001698399,a900.226001698399,NorthCampus_CMR,creek_chub,12,121,21.8,n,n,n,
3,05/15/2021,12:11:20.329,a,900.226001698309,a900.226001698309,NorthCampus_CMR,green_sunfish,12,89,12,n,n,n,
3,05/15/2021,12:11:41.652,a,900.226001698349,a900.226001698349,NorthCampus_CMR,green_sunfish,12,83,9.9,n,n,n,
3,05/15/2021,12:12:09.832,a,900.226001698326,a900.226001698326,NorthCampus_CMR,redbreast_sunfish,12,73,6.4,n,n,n,
3,05/15/2021,12:12:57.392,a,900.226001698305,a900.226001698305,NorthCampus_CMR,green_sunfish,12,93,14.5,n,n,n,
3,05/15/2021,12:13:24.660,a,900.226001698376,a900.226001698376,NorthCampus_CMR,redbreast_sunfish,12,104,20,n,n,n,
3,05/15/2021,12:13:55.533,a,900.226001698389,a900.226001698389,NorthCampus_CMR,green_sunfish,12,87,9.8,n,n,n,
3,05/15/2021,12:14:32.642,a,900.226001698318,a900.226001698318,NorthCampus_CMR,green_sunfish,12,68,5.8,n,n,n,
3,05/15/2021,12:14:59.418,a,900.226001698390,a900.226001698390,NorthCampus_CMR,redbreast_sunfish,12,80,9.9,n,n,n,
3,05/15/2021,12:15:27.369,a,900.226001698315,a900.226001698315,NorthCampus_CMR,bluehead_chub,12,107,15.2,n,n,n,
3,05/15/2021,12:15:53.058,a,900.226001698364,a900.226001698364,NorthCampus_CMR,bluehead_chub,12,120,22.3,n,n,n,
3,05/15/2021,12:16:15.505,a,900.226001698313,a900.226001698313,NorthCampus_CMR,bluehead_chub,12,136,31,n,n,n,
3,05/15/2021,12:16:40.231,a,900.226001698317,a900.226001698317,NorthCampus_CMR,green_sunfish,12,82,9.4,n,n,n,
3,05/15/2021,12:19:23.610,a,900.226001167702,a900.226001167702,NorthCampus_CMR,creek_chub,13,106,13.9,y,n,n,
3,05/15/2021,12:19:56.487,a,900.226001698494,a900.226001698494,NorthCampus_CMR,green_sunfish,13,101,19.5,y,n,n,
3,05/15/2021,12:20:19.177,a,900.226001698499,a900.226001698499,NorthCampus_CMR,green_sunfish,13,85,10.9,y,n,n,
3,05/15/2021,12:20:36.637,a,900.226001698526,a900.226001698526,NorthCampus_CMR,green_sunfish,13,93,14.8,n,n,n, 5/16/21 SK recap corrected
3,05/15/2021,12:21:04.486,a,900.226001698316,a900.226001698316,NorthCampus_CMR,bluegill,13,80,7.7,n,n,n,
3,05/15/2021,12:21:38.052,a,900.226001698340,a900.226001698340,NorthCampus_CMR,creek_chub,13,119,16.8,n,n,n,
3,05/15/2021,12:22:46.758,a,900.226001698336,a900.226001698336,NorthCampus_CMR,bluehead_chub,13,117,21.4,n,n,n,
3,05/15/2021,12:23:39.843,a,900.226001698386,a900.226001698386,NorthCampus_CMR,creek_chub,13,120,20.3,n,n,n,
3,05/15/2021,12:25:18.722,a,900.226001698461,a900.226001698461,NorthCampus_CMR,green_sunfish,14,97,16.8,y,n,n,
3,05/15/2021,12:25:41.880,a,900.226001698300,a900.226001698300,NorthCampus_CMR,creek_chub,14,105,14.4,n,n,n,
3,05/15/2021,12:26:04.051,a,900.226001698388,a900.226001698388,NorthCampus_CMR,creek_chub,14,99,11.9,n,n,n,
3,05/16/2021,07:39:07.195,a,900.226001167841,a900.226001167841,NorthCampus_CMR,bluehead_chub,15,128,27.7,y,n,n,
3,05/16/2021,07:40:08.246,a,900.226001698496,a900.226001698496,NorthCampus_CMR,creek_chub,15,90,7.8,y,n,n,
3,05/16/2021,07:42:40.135,a,900.226001698393,a900.226001698393,NorthCampus_CMR,bluehead_chub,15,62,2.9,n,n,n,
3,05/16/2021,07:43:13.110,a,900.226001698330,a900.226001698330,NorthCampus_CMR,bluehead_chub,15,92,10.7,n,n,n,
3,05/16/2021,07:43:46.304,a,900.226001698381,a900.226001698381,NorthCampus_CMR,creek_chub,15,83,6.5,n,n,n,
3,05/16/2021,07:44:20.806,a,900.226001698365,a900.226001698365,NorthCampus_CMR,bluehead_chub,15,63,4.5,n,n,y,too heavy given the length
3,05/16/2021,07:49:41.352,a,900.226001698367,a900.226001698367,NorthCampus_CMR,green_sunfish,16,78,8.9,n,n,n,
3,05/16/2021,07:50:13.726,a,900.226001698353,a900.226001698353,NorthCampus_CMR,bluehead_chub,16,74,5.1,n,n,n,
3,05/16/2021,08:09:09.724,a,900.226001698302,a900.226001698302,NorthCampus_CMR,green_sunfish,17,62,4.5,n,n,n,
3,05/16/2021,08:09:31.006,a,900.226001698370,a900.226001698370,NorthCampus_CMR,bluehead_chub,17,76,5.5,n,n,n,
3,05/16/2021,08:09:44.648,a,900.226001698361,a900.226001698361,NorthCampus_CMR,bluehead_chub,17,68,4.1,n,n,n,
3,05/16/2021,08:09:57.882,a,900.226001698332,a900.226001698332,NorthCampus_CMR,green_sunfish,17,72,6.8,n,n,n,
3,05/16/2021,08:10:14.185,a,900.226001698375,a900.226001698375,NorthCampus_CMR,green_sunfish,17,96,15.8,n,n,n,
3,05/16/2021,08:10:29.600,a,900.226001698358,a900.226001698358,NorthCampus_CMR,creek_chub,17,77,5.3,n,n,n,
3,05/16/2021,NA,a,NA,NA,NorthCampus_CMR,NA,18,NA,NA,NA,NA,n,NO_FISH
3,05/16/2021,08:15:39.925,a,900.226001698322,a900.226001698322,NorthCampus_CMR,redbreast_sunfish,19,69,6.3,n,n,n,
3,05/16/2021,08:30:38.133,a,900.226001167822,a900.226001167822,NorthCampus_CMR,creek_chub,20,137,26.9,y,n,n,
3,05/16/2021,08:30:53.974,a,900.226001167869,a900.226001167869,NorthCampus_CMR,creek_chub,20,126,24.9,y,n,n,
3,05/16/2021,08:31:08.172,a,900.226001698484,a900.226001698484,NorthCampus_CMR,creek_chub,20,122,23.8,y,n,n,
3,05/16/2021,08:31:42.174,a,900.226001167804,a900.226001167804,NorthCampus_CMR,creek_chub,20,115,17.6,y,n,n,
3,05/16/2021,08:32:02.121,a,900.226001167857,a900.226001167857,NorthCampus_CMR,redbreast_sunfish,20,98,18.3,y,n,n,
3,05/16/2021,08:32:20.754,a,900.226001167858,a900.226001167858,NorthCampus_CMR,green_sunfish,20,117,25.1,y,n,n,
3,05/16/2021,08:32:36.419,a,900.226001698595,a900.226001698595,NorthCampus_CMR,bluehead_chub,20,97,14.5,n,n,n, 5/16/21 SK recap corrected
3,05/16/2021,08:32:51.033,a,900.226001167817,a900.226001167817,NorthCampus_CMR,creek_chub,20,99,11.9,y,n,n,
3,05/16/2021,08:33:05.389,a,900.226001698492,a900.226001698492,NorthCampus_CMR,creek_chub,20,89,8.5,n,n,n, 5/16/21 SK recap corrected
3,05/16/2021,08:33:18.445,a,900.226001698404,a900.226001698404,NorthCampus_CMR,creek_chub,20,74,5.1,y,n,n,
3,05/16/2021,08:34:22.474,a,900.226001698323,a900.226001698323,NorthCampus_CMR,creek_chub,20,107,14.4,n,n,n,
3,05/16/2021,08:34:43.483,a,900.226001698352,a900.226001698352,NorthCampus_CMR,creek_chub,20,152,44.7,n,n,n,
3,05/16/2021,08:35:11.322,a,900.226001698329,a900.226001698329,NorthCampus_CMR,redbreast_sunfish,20,120,30.8,n,n,n,
3,05/16/2021,08:35:35.166,a,900.226001698385,a900.226001698385,NorthCampus_CMR,creek_chub,20,67,3.6,n,n,n,
3,05/16/2021,08:35:57.608,a,900.226001698310,a900.226001698310,NorthCampus_CMR,bluegill,20,76,6.8,n,n,n,
3,05/16/2021,08:36:20.534,a,900.226001698357,a900.226001698357,NorthCampus_CMR,bluehead_chub,20,92,10.4,n,n,n,
3,05/16/2021,08:36:44.166,a,900.226001698328,a900.226001698328,NorthCampus_CMR,bluegill,20,92,12.4,n,n,n,
3,05/16/2021,08:37:07.174,a,900.226001698356,a900.226001698356,NorthCampus_CMR,bluehead_chub,20,123,29.7,n,n,n,
3,05/16/2021,08:37:40.818,a,900.226001698383,a900.226001698383,NorthCampus_CMR,creek_chub,20,99,10.9,n,n,n,
3,05/16/2021,08:38:02.455,a,900.226001698391,a900.226001698391,NorthCampus_CMR,creek_chub,20,80,6.0,n,n,n,
3,05/16/2021,08:38:20.228,a,900.226001698362,a900.226001698362,NorthCampus_CMR,redbreast_sunfish,20,132,44.5,n,n,n,
3,05/16/2021,08:39:01.123,a,900.226001698339,a900.226001698339,NorthCampus_CMR,creek_chub,20,107,16.6,n,n,n,
3,05/16/2021,08:39:36.347,a,900.226001698306,a900.226001698306,NorthCampus_CMR,creek_chub,20,107,15.1,n,n,n,
3,05/16/2021,08:39:54.582,a,900.226001698371,a900.226001698371,NorthCampus_CMR,bluehead_chub,20,68,3.4,n,n,n,
3,05/16/2021,08:47:49.110,a,900.226001698368,a900.226001698368,NorthCampus_CMR,creek_chub,21,68,3.6,n,n,n,
3,05/16/2021,08:52:58.884,a,900.226001698427,a900.226001698427,NorthCampus_CMR,redbreast_sunfish,22,137,46.7,y,n,n,
3,05/16/2021,08:53:22.860,a,900.226001167890,a900.226001167890,NorthCampus_CMR,creek_chub,22,120,23.8,y,n,n,
3,05/16/2021,08:53:43.225,a,900.226001167742,a900.226001167742,NorthCampus_CMR,creek_chub,22,104,13.1,y,n,n,
3,05/16/2021,08:54:11.820,a,900.226001698392,a900.226001698392,NorthCampus_CMR,green_sunfish,22,88,14.1,n,n,n,
3,05/16/2021,08:54:27.715,a,900.226001698324,a900.226001698324,NorthCampus_CMR,creek_chub,22,119,19.1,n,n,n,
3,05/16/2021,08:54:49.784,a,900.226001698398,a900.226001698398,NorthCampus_CMR,creek_chub,22,96,10.9,n,n,n,
3,05/16/2021,08:55:09.319,a,900.226001698377,a900.226001698377,NorthCampus_CMR,creek_chub,22,104,13.1,n,n,n,
3,05/16/2021,08:55:30.062,a,900.226001698308,a900.226001698308,NorthCampus_CMR,creek_chub,22,97,10.1,n,n,n,
3,05/16/2021,08:55:53.645,a,900.226001698348,a900.226001698348,NorthCampus_CMR,bluehead_chub,22,88,8.2,n,n,n,
3,05/16/2021,08:56:11.893,a,900.226001698325,a900.226001698325,NorthCampus_CMR,creek_chub,22,95,10.0,n,n,n,
3,05/16/2021,08:56:38.435,a,900.226001698312,a900.226001698312,NorthCampus_CMR,green_sunfish,22,119,32.5,n,n,n,
3,05/16/2021,08:58:34.368,a,900.226001698343,a900.226001698343,NorthCampus_CMR,creek_chub,22,108,14.3,n,n,n,
3,05/16/2021,08:59:11.880,a,900.226001698314,a900.226001698314,NorthCampus_CMR,redbreast_sunfish,22,92,14.1,n,n,n,
3,05/16/2021,09:15:23.580,a,900.226001167887,a900.226001167887,NorthCampus_CMR,creek_chub,23,98,10.4,y,n,n,
3,05/16/2021,09:15:41.694,a,900.226001167866,a900.226001167866,NorthCampus_CMR,redbreast_sunfish,23,100,19.4,y,n,n,
3,05/16/2021,09:15:57.233,a,900.226001698552,a900.226001698552,NorthCampus_CMR,bluehead_chub,23,129,27.9,y,n,n,
3,05/16/2021,09:16:15.293,a,900.226001698486,a900.226001698486,NorthCampus_CMR,creek_chub,23,114,16.2,y,n,n,
3,05/16/2021,09:16:35.933,a,900.226001167826,a900.226001167826,NorthCampus_CMR,bluegill,23,86,9.1,y,n,n,
3,05/16/2021,09:17:01.305,a,900.226001698373,a900.226001698373,NorthCampus_CMR,creek_chub,23,74,4.8,n,n,n,
3,05/16/2021,09:17:17.012,a,900.226001698395,a900.226001698395,NorthCampus_CMR,creek_chub,23,90,8.5,n,n,n,
3,05/16/2021,09:17:36.817,a,900.226001698335,a900.226001698335,NorthCampus_CMR,creek_chub,23,114,18.9,n,n,n,
3,05/16/2021,09:18:00.911,a,900.226001698338,a900.226001698338,NorthCampus_CMR,bluehead_chub,23,103,14.1,n,n,n,
3,05/16/2021,09:18:35.310,a,900.226001698394,a900.226001698394,NorthCampus_CMR,bluegill,23,66,3.8,n,n,n,
3,05/16/2021,09:19:02.698,a,900.226001698347,a900.226001698347,NorthCampus_CMR,redbreast_sunfish,23,98,19.2,n,n,n,
3,05/16/2021,09:19:28.883,a,900.226001698341,a900.226001698341,NorthCampus_CMR,creek_chub,23,72,3.9,n,n,n,
3,05/16/2021,09:19:55.285,a,900.226001698333,a900.226001698333,NorthCampus_CMR,creek_chub,23,72,4.2,n,n,n,
3,05/16/2021,09:20:33.844,a,900.226001698354,a900.226001698354,NorthCampus_CMR,bluehead_chub,23,61,2.8,n,n,n,
3,05/16/2021,09:24:19.941,a,900.226001167873,a900.226001167873,NorthCampus_CMR,creek_chub,24,108,17.7,y,n,n,
3,05/16/2021,09:24:39.541,a,900.226001698360,a900.226001698360,NorthCampus_CMR,green_sunfish,24,60,4.0,n,n,n,
3,05/16/2021,09:24:57.921,a,900.226001698342,a900.226001698342,NorthCampus_CMR,green_sunfish,24,87,12.4,n,n,n,
3,05/16/2021,09:25:25.994,a,900.226001698379,a900.226001698379,NorthCampus_CMR,green_sunfish,24,83,10.4,n,n,n,
3,05/16/2021,09:25:53.598,a,900.226001698380,a900.226001698380,NorthCampus_CMR,green_sunfish,24,129,42.8,n,n,n,
3,05/16/2021,09:26:23.020,a,900.226001698384,a900.226001698384,NorthCampus_CMR,creek_chub,24,108,14.4,n,n,n,
3,05/16/2021,09:27:55.919,a,900.226001698350,a900.226001698350,NorthCampus_CMR,redbreast_sunfish,24,63,4.7,n,n,n,
3,05/16/2021,09:38:35.829,a,900.226001167893,a900.226001167893,NorthCampus_CMR,creek_chub,25,109,14.6,y,y,n,
3,05/16/2021,09:39:03.014,a,900.226001698346,a900.226001698346,NorthCampus_CMR,creek_chub,25,86,7.7,n,n,n,
3,05/16/2021,09:42:52.569,a,900.226001697322,a900.226001697322,NorthCampus_CMR,creek_chub,26,76,5.3,n,n,n,
3,05/16/2021,NA,a,NA,NA,NorthCampus_CMR,NA,27,NA,NA,NA,NA,n,NO_FISH
3,05/16/2021,NA,a,NA,NA,NorthCampus_CMR,NA,28,NA,NA,NA,NA,n,NO_FISH
3,05/16/2021,10:16:22.831,a,900.226001698307,a900.226001698307,NorthCampus_CMR,bluehead_chub,29,119,20.6,n,n,n,
3,05/16/2021,10:17:04.664,a,900.226001698374,a900.226001698374,NorthCampus_CMR,bluehead_chub,29,95,11.9,n,n,n,
3,05/16/2021,10:17:23.996,a,900.226001697305,a900.226001697305,NorthCampus_CMR,bluehead_chub,29,85,7.8,n,n,n,
3,05/16/2021,10:17:42.462,a,900.226001697324,a900.226001697324,NorthCampus_CMR,bluehead_chub,29,72,4.5,n,n,n,
3,05/16/2021,10:18:03.604,a,900.226001698319,a900.226001698319,NorthCampus_CMR,bluehead_chub,29,73,4.2,n,n,n,
3,05/16/2021,10:24:18.748,a,900.226001167827,a900.226001167827,NorthCampus_CMR,green_sunfish,30,114,30.5,y,n,n,
3,05/16/2021,10:24:45.227,a,900.226001697331,a900.226001697331,NorthCampus_CMR,bluehead_chub,30,97,11.4,n,n,n,
3,05/16/2021,10:25:01.203,a,900.226001698355,a900.226001698355,NorthCampus_CMR,bluehead_chub,30,63,2.9,n,n,n,
3,05/16/2021,10:25:22.134,a,900.226001697367,a900.226001697367,NorthCampus_CMR,creek_chub,30,64,3.0,n,n,n,
3,05/16/2021,10:25:45.431,a,900.226001697329,a900.226001697329,NorthCampus_CMR,green_sunfish,30,61,3.7,n,n,n,
3,05/16/2021,11:09:05.680,a,900.226001698583,a900.226001698583,NorthCampus_CMR,green_sunfish,31,86,11.2,y,n,n,
3,05/16/2021,11:11:11.598,a,900.226001698378,a900.226001698378,NorthCampus_CMR,creek_chub,31,130,25.2,n,n,n,
3,05/16/2021,11:12:56.528,a,900.226001697373,a900.226001697373,NorthCampus_CMR,green_sunfish,31,131,43.9,n,n,n,
3,05/16/2021,11:14:09.853,a,900.226001697317,a900.226001697317,NorthCampus_CMR,green_sunfish,31,84,11.9,n,n,n,
3,05/16/2021,11:16:57.423,a,900.226001697376,a900.226001697376,NorthCampus_CMR,redbreast_sunfish,31,73,7.4,n,n,n,
3,05/16/2021,11:18:12.781,a,900.226001697333,a900.226001697333,NorthCampus_CMR,green_sunfish,31,80,8.9,n,n,n,
3,05/16/2021,11:19:27.325,a,900.226001697303,a900.226001697303,NorthCampus_CMR,bluehead_chub,31,137,35.3,n,n,n,
3,05/16/2021,11:20:14.627,a,900.226001697365,a900.226001697365,NorthCampus_CMR,redbreast_sunfish,31,65,5.0,n,n,n,
3,05/16/2021,11:23:21.681,a,900.226001697357,a900.226001697357,NorthCampus_CMR,green_sunfish,31,105,26.2,n,n,n,
3,05/16/2021,11:41:35.586,a,900.226001167710,a900.226001167710,NorthCampus_CMR,creek_chub,32,91,8.9,y,n,n,
3,05/16/2021,11:42:16.396,a,900.226001167978,a900.226001167978,NorthCampus_CMR,bluehead_chub,32,131,33.7,y,n,n,
3,05/16/2021,11:42:59.460,a,900.226001697327,a900.226001697327,NorthCampus_CMR,creek_chub,32,102,12.7,n,n,n,
3,05/16/2021,11:46:00.046,a,900.226001697398,a900.226001697398,NorthCampus_CMR,creek_chub,32,93,10.0,n,n,n,
3,05/16/2021,11:47:09.945,a,900.226001697301,a900.226001697301,NorthCampus_CMR,green_sunfish,32,125,39.0,n,n,n,
3,05/16/2021,11:47:52.505,a,900.226001698387,a900.226001698387,NorthCampus_CMR,bluehead_chub,32,67,3.2,n,n,n,
3,05/16/2021,11:54:09.214,a,900.226001697338,a900.226001697338,NorthCampus_CMR,bluehead_chub,33,102,14.0,n,n,n,
3,05/16/2021,12:00:42.382,a,900.226001697330,a900.226001697330,NorthCampus_CMR,bluehead_chub,34,137,35.5,n,n,n,
3,05/16/2021,12:01:11.049,a,900.226001697311,a900.226001697311,NorthCampus_CMR,green_sunfish,34,93,14.5,n,n,n,
3,05/16/2021,12:10:58.284,a,900.226001167791,a900.226001167791,NorthCampus_CMR,creek_chub,35,94,11.0,y,n,n,
3,05/16/2021,12:11:47.886,a,900.226001167708,a900.226001167708,NorthCampus_CMR,green_sunfish,35,112,27.5,y,n,n,
3,05/16/2021,12:12:17.524,a,900.226001167760,a900.226001167760,NorthCampus_CMR,redbreast_sunfish,35,126,34.7,y,n,n,
3,05/16/2021,12:12:50.610,a,900.226001698446,a900.226001698446,NorthCampus_CMR,green_sunfish,35,96,15.1,y,n,n,injured
3,05/16/2021,12:13:54.156,a,900.226001167844,a900.226001167844,NorthCampus_CMR,bluegill,35,82,9.9,y,n,n,
3,05/16/2021,12:15:18.273,a,900.226001698311,a900.226001698311,NorthCampus_CMR,redbreast_sunfish,35,110,22.9,n,n,n,
3,05/16/2021,12:18:14.461,a,900.226001697387,a900.226001697387,NorthCampus_CMR,creek_chub,35,104,12.9,n,n,n,
3,05/16/2021,12:19:41.394,a,900.226001697312,a900.226001697312,NorthCampus_CMR,creek_chub,35,89,7.8,n,n,n,
3,05/16/2021,12:20:37.795,a,900.226001697372,a900.226001697372,NorthCampus_CMR,green_sunfish,35,77,8.9,n,n,n,
3,05/16/2021,12:22:37.463,a,900.226001697362,a900.226001697362,NorthCampus_CMR,green_sunfish,35,120,33.2,n,n,n,
3,05/16/2021,12:23:30.724,a,900.226001697366,a900.226001697366,NorthCampus_CMR,bluegill,35,93,11.9,n,n,n,
3,05/16/2021,12:24:15.130,a,900.226001697355,a900.226001697355,NorthCampus_CMR,bluehead_chub,35,92,10.7,n,n,n,
3,05/16/2021,12:25:14.780,a,900.226001697390,a900.226001697390,NorthCampus_CMR,bluehead_chub,35,85,7.9,n,n,n,
3,05/16/2021,12:27:59.717,a,900.226001698372,a900.226001698372,NorthCampus_CMR,redbreast_sunfish,35,106,21.9,n,n,n,
3,05/16/2021,12:29:01.080,a,900.226001697313,a900.226001697313,NorthCampus_CMR,green_sunfish,35,83,9.8,n,n,n,
3,05/16/2021,12:29:39.251,a,900.226001697392,a900.226001697392,NorthCampus_CMR,bluehead_chub,35,106,16.3,n,n,n,
3,05/16/2021,12:30:44.779,a,900.226001697314,a900.226001697314,NorthCampus_CMR,bluehead_chub,35,84,7.8,n,n,n,
3,05/16/2021,12:31:22.076,a,900.226001697370,a900.226001697370,NorthCampus_CMR,creek_chub,35,93,9.8,n,n,n,
3,05/16/2021,12:32:02.117,a,900.226001697321,a900.226001697321,NorthCampus_CMR,green_sunfish,35,84,9.9,n,n,n,
3,05/16/2021,12:33:14.880,a,900.226001697379,a900.226001697379,NorthCampus_CMR,green_sunfish,35,65,4.8,n,n,n,
3,05/16/2021,12:34:53.421,a,900.226001697339,a900.226001697339,NorthCampus_CMR,green_sunfish,35,61,4.1,n,n,n,
3,05/16/2021,12:35:54.813,a,900.226001697336,a900.226001697336,NorthCampus_CMR,green_sunfish,35,64,4.8,n,n,n,
3,05/16/2021,12:39:34.306,a,900.226001697349,a900.226001697349,NorthCampus_CMR,green_sunfish,36,81,9.6,n,n,n,
3,05/16/2021,12:40:06.331,a,900.226001697386,a900.226001697386,NorthCampus_CMR,green_sunfish,36,64,4.4,n,n,n,
3,05/16/2021,12:46:39.072,a,900.226001167775,a900.226001167775,NorthCampus_CMR,bluehead_chub,37,105,14.0,y,n,n,
3,05/16/2021,12:47:46.857,a,900.226001697356,a900.226001697356,NorthCampus_CMR,green_sunfish,37,114,30.9,n,n,n,
3,05/16/2021,12:49:02.172,a,900.226001697381,a900.226001697381,NorthCampus_CMR,creek_chub,37,73,4.9,n,n,n,
3,05/16/2021,12:50:14.570,a,900.226001697360,a900.226001697360,NorthCampus_CMR,green_sunfish,37,99,19.3,n,n,n,
3,05/16/2021,12:51:06.377,a,900.226001697378,a900.226001697378,NorthCampus_CMR,creek_chub,37,119,18.1,n,n,n,
3,05/16/2021,12:52:39.587,a,900.226001697319,a900.226001697319,NorthCampus_CMR,bluehead_chub,37,97,13.7,n,n,n,
3,05/16/2021,12:54:11.357,a,900.226001697307,a900.226001697307,NorthCampus_CMR,bluehead_chub,38,80,6.3,n,n,n,
3,05/16/2021,12:56:11.266,a,900.226001697368,a900.226001697368,NorthCampus_CMR,bluehead_chub,38,71,4.5,n,n,n,
3,05/16/2021,12:59:28.508,a,900.226001167724,a900.226001167724,NorthCampus_CMR,redbreast_sunfish,39,72,7.1,y,n,n,
3,05/16/2021,NA,a,NA,NA,NorthCampus_CMR,NA,40,NA,NA,NA,NA,n,NO_FISH
3,05/16/2021,NA,a,NA,NA,NorthCampus_CMR,NA,41,NA,NA,NA,NA,n,NO_FISH
3,05/16/2021,13:07:17.232,a,900.226001167723,a900.226001167723,NorthCampus_CMR,redbreast_sunfish,42,122,32.7,y,n,n,
3,05/16/2021,13:07:43.250,a,900.226001698523,a900.226001698523,NorthCampus_CMR,bluehead_chub,42,100,13.4,y,n,n,
3,05/16/2021,13:08:17.455,a,900.226001698528,a900.226001698528,NorthCampus_CMR,creek_chub,42,96,11.3,y,n,n,
3,05/16/2021,13:08:50.420,a,900.226001167754,a900.226001167754,NorthCampus_CMR,creek_chub,42,108,15.2,y,n,n,
3,05/16/2021,13:09:49.493,a,900.226001697371,a900.226001697371,NorthCampus_CMR,creek_chub,42,119,20.1,n,n,n,
3,05/16/2021,13:12:06.189,a,900.226001697369,a900.226001697369,NorthCampus_CMR,bluehead_chub,42,136,30.7,n,n,n,
3,05/16/2021,13:12:51.118,a,900.226001697384,a900.226001697384,NorthCampus_CMR,bluehead_chub,42,120,25.1,n,n,n,
3,05/16/2021,13:13:33.137,a,900.226001697302,a900.226001697302,NorthCampus_CMR,creek_chub,42,91,8.5,n,n,n,
3,05/16/2021,13:14:24.184,a,900.226001697300,a900.226001697300,NorthCampus_CMR,bluegill,42,70,4.4,n,n,n,
3,05/16/2021,13:14:53.754,a,900.226001697374,a900.226001697374,NorthCampus_CMR,green_sunfish,42,70,6.2,n,n,n,
3,05/16/2021,13:15:49.808,a,900.226001697326,a900.226001697326,NorthCampus_CMR,green_sunfish,42,63,4.3,n,n,n,
3,05/16/2021,13:16:59.895,a,900.226001697316,a900.226001697316,NorthCampus_CMR,redbreast_sunfish,42,68,5.4,n,n,n,
3,05/16/2021,13:18:03.290,a,900.226001697352,a900.226001697352,NorthCampus_CMR,bluehead_chub,42,160,49.3,n,n,n,
3,05/16/2021,13:20:38.441,a,900.226001697320,a900.226001697320,NorthCampus_CMR,bluegill,42,79,7.7,n,n,n,
3,05/16/2021,13:21:10.485,a,900.226001697343,a900.226001697343,NorthCampus_CMR,green_sunfish,42,76,8.6,n,n,n,
3,05/16/2021,13:21:57.150,a,900.226001697346,a900.226001697346,NorthCampus_CMR,bluegill,42,104,20.0,n,n,n,
3,05/16/2021,13:22:47.001,a,900.226001697315,a900.226001697315,NorthCampus_CMR,creek_chub,42,106,15.4,n,n,n,
3,05/16/2021,13:23:49.345,a,900.226001697310,a900.226001697310,NorthCampus_CMR,creek_chub,42,98,11.2,n,n,n,
3,05/16/2021,13:25:37.446,a,900.226001697364,a900.226001697364,NorthCampus_CMR,bluehead_chub,42,74,5.2,n,n,n,
3,05/16/2021,13:27:34.374,a,900.226001697380,a900.226001697380,NorthCampus_CMR,bluegill,42,84,8.8,n,n,n,
3,05/16/2021,13:28:22.004,a,900.226001697318,a900.226001697318,NorthCampus_CMR,bluehead_chub,42,83,7.0,n,n,n,
3,05/16/2021,13:29:03.050,a,900.226001697391,a900.226001697391,NorthCampus_CMR,bluegill,42,107,19.9,n,n,n,
3,05/16/2021,13:30:09.629,a,900.226001697353,a900.226001697353,NorthCampus_CMR,bluehead_chub,43,74,5.3,n,n,n,
,,,,,,,,,,,,,,
,,,,,,,,,,,,,,
,,,,,,,,,,,,,,
,,,,,,,,,,,,,,
,,,,,,,,,,,,,,
,,,,,,,,,,,,,,
,,,,,,,,,,,,,,
,,,,,,,,,,,,,,
,,,,,,,,,,,,,,
,,,,,,,,,,,,,,
,,,,,,,,,,,,,,
,,,,,,,,,,,,,,
,,,,,,,,,,,,,,
,,,,,,,,,,,,,,
,,,,,,,,,,,,,,
,,,,,,,,,,,,,,
,,,,,,,,,,,,,,
,,,,,,,,,,,,,,
,,,,,,,,,,,,,,
,,,,,,,,,,,,,,
,,,,,,,,,,,,,,
,,,,,,,,,,,,,,
,,,,,,,,,,,,,,
,,,,,,,,,,,,,,
,,,,,,,,,,,,,,
,,,,,,,,,,,,,,
,,,,,,,,,,,,,,
,,,,,,,,,,,,,,
,,,,,,,,,,,,,,
,,,,,,,,,,,,,,
,,,,,,,,,,,,,,
,,,,,,,,,,,,,,
,,,,,,,,,,,,,,
,,,,,,,,,,,,,,
,,,,,,,,,,,,,,
,,,,,,,,,,,,,,
,,,,,,,,,,,,,,
,,,,,,,,,,,,,,
,,,,,,,,,,,,,,
,,,,,,,,,,,,,,
,,,,,,,,,,,,,,
,,,,,,,,,,,,,,
,,,,,,,,,,,,,,
,,,,,,,,,,,,,,
,,,,,,,,,,,,,,
,,,,,,,,,,,,,,
,,,,,,,,,,,,,,
,,,,,,,,,,,,,,
,,,,,,,,,,,,,,
,,,,,,,,,,,,,,
,,,,,,,,,,,,,,
,,,,,,,,,,,,,,
,,,,,,,,,,,,,,
,,,,,,,,,,,,,,
,,,,,,,,,,,,,,
,,,,,,,,,,,,,,
,,,,,,,,,,,,,,
,,,,,,,,,,,,,,
,,,,,,,,,,,,,,
,,,,,,,,,,,,,,
,,,,,,,,,,,,,,
,,,,,,,,,,,,,,
,,,,,,,,,,,,,,
,,,,,,,,,,,,,,
,,,,,,,,,,,,,,
,,,,,,,,,,,,,,
,,,,,,,,,,,,,,
,,,,,,,,,,,,,,
,,,,,,,,,,,,,,
,,,,,,,,,,,,,,
,,,,,,,,,,,,,,
,,,,,,,,,,,,,,
,,,,,,,,,,,,,,
,,,,,,,,,,,,,,
,,,,,,,,,,,,,,
,,,,,,,,,,,,,,
,,,,,,,,,,,,,,
,,,,,,,,,,,,,,
,,,,,,,,,,,,,,
,,,,,,,,,,,,,,
,,,,,,,,,,,,,,
,,,,,,,,,,,,,,
,,,,,,,,,,,,,,
,,,,,,,,,,,,,,
,,,,,,,,,,,,,,
,,,,,,,,,,,,,,
,,,,,,,,,,,,,,
,,,,,,,,,,,,,,
,,,,,,,,,,,,,,
,,,,,,,,,,,,,,
,,,,,,,,,,,,,,
,,,,,,,,,,,,,,
,,,,,,,,,,,,,,
,,,,,,,,,,,,,,
,,,,,,,,,,,,,,
,,,,,,,,,,,,,,
,,,,,,,,,,,,,,
,,,,,,,,,,,,,,
,,,,,,,,,,,,,,
,,,,,,,,,,,,,,
,,,,,,,,,,,,,,
,,,,,,,,,,,,,,
,,,,,,,,,,,,,,
,,,,,,,,,,,,,,
,,,,,,,,,,,,,,
,,,,,,,,,,,,,,
,,,,,,,,,,,,,,
,,,,,,,,,,,,,,
,,,,,,,,,,,,,,
,,,,,,,,,,,,,,
,,,,,,,,,,,,,,
,,,,,,,,,,,,,,
,,,,,,,,,,,,,,
,,,,,,,,,,,,,,
,,,,,,,,,,,,,,
,,,,,,,,,,,,,,
,,,,,,,,,,,,,,
,,,,,,,,,,,,,,
,,,,,,,,,,,,,,
,,,,,,,,,,,,,,
,,,,,,,,,,,,,,
,,,,,,,,,,,,,,
,,,,,,,,,,,,,,
,,,,,,,,,,,,,,
,,,,,,,,,,,,,,
,,,,,,,,,,,,,,
,,,,,,,,,,,,,,
,,,,,,,,,,,,,,
,,,,,,,,,,,,,,
,,,,,,,,,,,,,,
,,,,,,,,,,,,,,
,,,,,,,,,,,,,,
,,,,,,,,,,,,,,
,,,,,,,,,,,,,,
,,,,,,,,,,,,,,
,,,,,,,,,,,,,,
,,,,,,,,,,,,,,
,,,,,,,,,,,,,,
,,,,,,,,,,,,,,
,,,,,,,,,,,,,,
,,,,,,,,,,,,,,
,,,,,,,,,,,,,,
,,,,,,,,,,,,,,
,,,,,,,,,,,,,,
,,,,,,,,,,,,,,
,,,,,,,,,,,,,,
,,,,,,,,,,,,,,
,,,,,,,,,,,,,,
,,,,,,,,,,,,,,
,,,,,,,,,,,,,,
,,,,,,,,,,,,,,
,,,,,,,,,,,,,,
,,,,,,,,,,,,,,
,,,,,,,,,,,,,,
,,,,,,,,,,,,,,
,,,,,,,,,,,,,,
,,,,,,,,,,,,,,
,,,,,,,,,,,,,,
,,,,,,,,,,,,,,
,,,,,,,,,,,,,,
,,,,,,,,,,,,,,
,,,,,,,,,,,,,,
,,,,,,,,,,,,,,
,,,,,,,,,,,,,,
,,,,,,,,,,,,,,
,,,,,,,,,,,,,,
,,,,,,,,,,,,,,
,,,,,,,,,,,,,,
,,,,,,,,,,,,,,
,,,,,,,,,,,,,,
,,,,,,,,,,,,,,
,,,,,,,,,,,,,,
,,,,,,,,,,,,,,
,,,,,,,,,,,,,,
,,,,,,,,,,,,,,
,,,,,,,,,,,,,,
,,,,,,,,,,,,,,
,,,,,,,,,,,,,,
,,,,,,,,,,,,,,
,,,,,,,,,,,,,,
,,,,,,,,,,,,,,
,,,,,,,,,,,,,,
,,,,,,,,,,,,,,
,,,,,,,,,,,,,,
,,,,,,,,,,,,,,
,,,,,,,,,,,,,,
,,,,,,,,,,,,,,
,,,,,,,,,,,,,,
,,,,,,,,,,,,,,
,,,,,,,,,,,,,,
,,,,,,,,,,,,,,
,,,,,,,,,,,,,,
,,,,,,,,,,,,,,
,,,,,,,,,,,,,,
,,,,,,,,,,,,,,
,,,,,,,,,,,,,,
,,,,,,,,,,,,,,
,,,,,,,,,,,,,,
,,,,,,,,,,,,,,
,,,,,,,,,,,,,,
,,,,,,,,,,,,,,
,,,,,,,,,,,,,,
,,,,,,,,,,,,,,
,,,,,,,,,,,,,,
,,,,,,,,,,,,,,
,,,,,,,,,,,,,,
,,,,,,,,,,,,,,
,,,,,,,,,,,,,,
,,,,,,,,,,,,,,
,,,,,,,,,,,,,,
,,,,,,,,,,,,,,
,,,,,,,,,,,,,,
,,,,,,,,,,,,,,
,,,,,,,,,,,,,,
,,,,,,,,,,,,,,
,,,,,,,,,,,,,,
,,,,,,,,,,,,,,
,,,,,,,,,,,,,,
,,,,,,,,,,,,,,
,,,,,,,,,,,,,,
,,,,,,,,,,,,,,
,,,,,,,,,,,,,,
,,,,,,,,,,,,,,
,,,,,,,,,,,,,,
,,,,,,,,,,,,,,
,,,,,,,,,,,,,,
,,,,,,,,,,,,,,
,,,,,,,,,,,,,,
,,,,,,,,,,,,,,
,,,,,,,,,,,,,,
,,,,,,,,,,,,,,
,,,,,,,,,,,,,,
,,,,,,,,,,,,,,
,,,,,,,,,,,,,,
,,,,,,,,,,,,,,
,,,,,,,,,,,,,,
,,,,,,,,,,,,,,
